2022-01-03 20:55:00,3.232,3.24,3.22,3.224999,545600.0,SOXS.NYSE-1-DAY-LAST-EXTERNAL
2022-01-04 20:55:00,3.255,3.260799,3.25,3.259999,438683.0,SOXS.NYSE-1-DAY-LAST-EXTERNAL
2022-01-05 20:55:00,3.546,3.589999,3.539999,3.579999,1287321.0,SOXS.NYSE-1-DAY-LAST-EXTERNAL
2022-01-06 20:55:00,3.5299,3.545,3.49,3.498699,728623.0,SOXS.NYSE-1-DAY-LAST-EXTERNAL
2022-01-07 20:55:00,3.7901,3.819999,3.779999,3.815,952476.0,SOXS.NYSE-1-DAY-LAST-EXTERNAL
2022-01-10 20:55:00,3.839999,3.839999,3.769999,3.789999,726664.0,SOXS.NYSE-1-DAY-LAST-EXTERNAL
2022-01-11 20:55:00,3.619999,3.619999,3.569999,3.579999,674454.0,SOXS.NYSE-1-DAY-LAST-EXTERNAL
2022-01-12 20:55:00,3.515,3.527299,3.509999,3.515,599782.0,SOXS.NYSE-1-DAY-LAST-EXTERNAL
2022-01-13 20:55:00,3.775,3.779999,3.73,3.759999,1410015.0,SOXS.NYSE-1-DAY-LAST-EXTERNAL
2022-01-14 20:55:00,3.505,3.519099,3.47,3.48,848886.0,SOXS.NYSE-1-DAY-LAST-EXTERNAL
2022-01-18 20:55:00,3.96,3.97,3.93,3.95,2293109.0,SOXS.NYSE-1-DAY-LAST-EXTERNAL
2022-01-19 20:55:00,4.261099,4.3,4.26,4.3,1469526.0,SOXS.NYSE-1-DAY-LAST-EXTERNAL
2022-01-20 20:55:00,4.71,4.719999,4.659999,4.71,3083595.0,SOXS.NYSE-1-DAY-LAST-EXTERNAL
2022-01-21 20:55:00,4.9597,4.969999,4.869999,4.945,1413778.0,SOXS.NYSE-1-DAY-LAST-EXTERNAL
2022-01-24 20:55:00,4.789999,4.835,4.73,4.739999,1708429.0,SOXS.NYSE-1-DAY-LAST-EXTERNAL
2022-01-25 20:55:00,5.289999,5.32,5.26,5.296999,1717906.0,SOXS.NYSE-1-DAY-LAST-EXTERNAL
2022-01-26 20:55:00,5.059999,5.129499,4.994999,5.039899,1552043.0,SOXS.NYSE-1-DAY-LAST-EXTERNAL
2022-01-27 20:55:00,5.69,5.719999,5.664999,5.7185,918043.0,SOXS.NYSE-1-DAY-LAST-EXTERNAL
2022-01-28 20:55:00,5.46,5.489999,5.389999,5.389999,846018.0,SOXS.NYSE-1-DAY-LAST-EXTERNAL
2022-01-31 20:55:00,4.519999,4.55,4.5,4.500299,1690674.0,SOXS.NYSE-1-DAY-LAST-EXTERNAL
2022-02-01 20:55:00,4.380099,4.389999,4.349999,4.38,2611399.0,SOXS.NYSE-1-DAY-LAST-EXTERNAL
2022-02-02 20:55:00,4.059999,4.0699,4.03,4.046999,1827433.0,SOXS.NYSE-1-DAY-LAST-EXTERNAL
2022-02-03 20:55:00,4.619999,4.63,4.57,4.6086,2424661.0,SOXS.NYSE-1-DAY-LAST-EXTERNAL
2022-02-04 20:55:00,4.489999,4.51,4.48,4.51,1235088.0,SOXS.NYSE-1-DAY-LAST-EXTERNAL
2022-02-07 20:55:00,4.559999,4.559999,4.51,4.51,1334872.0,SOXS.NYSE-1-DAY-LAST-EXTERNAL
2022-02-08 20:55:00,4.167799,4.19,4.139999,4.19,1793405.0,SOXS.NYSE-1-DAY-LAST-EXTERNAL
2022-02-09 20:55:00,3.789999,3.799999,3.769999,3.779999,1722489.0,SOXS.NYSE-1-DAY-LAST-EXTERNAL
2022-02-10 20:55:00,4.139999,4.139999,4.09,4.119999,2218559.0,SOXS.NYSE-1-DAY-LAST-EXTERNAL
2022-02-11 20:55:00,4.720399,4.75,4.67,4.75,2383575.0,SOXS.NYSE-1-DAY-LAST-EXTERNAL
2022-02-14 21:00:00,4.73,4.73,4.73,4.73,1560591.0,SOXS.NYSE-1-DAY-LAST-EXTERNAL
2022-02-15 21:00:00,3.93,3.93,3.93,3.93,1033350.0,SOXS.NYSE-1-DAY-LAST-EXTERNAL
2022-02-16 21:00:00,3.94,3.94,3.94,3.94,898241.0,SOXS.NYSE-1-DAY-LAST-EXTERNAL
2022-02-17 21:00:00,4.38,4.38,4.38,4.38,1715585.0,SOXS.NYSE-1-DAY-LAST-EXTERNAL
2022-02-18 21:00:00,4.5,4.5,4.5,4.5,1837746.0,SOXS.NYSE-1-DAY-LAST-EXTERNAL
2022-02-22 21:00:00,4.61,4.61,4.61,4.61,2418022.0,SOXS.NYSE-1-DAY-LAST-EXTERNAL
2022-02-23 21:00:00,4.949999,4.949999,4.949999,4.949999,2675797.0,SOXS.NYSE-1-DAY-LAST-EXTERNAL
2022-02-24 21:00:00,4.4,4.4,4.4,4.4,2076460.0,SOXS.NYSE-1-DAY-LAST-EXTERNAL
2022-02-25 21:00:00,4.19,4.19,4.19,4.19,1433935.0,SOXS.NYSE-1-DAY-LAST-EXTERNAL
2022-02-28 21:00:00,4.269999,4.269999,4.269999,4.269999,1850896.0,SOXS.NYSE-1-DAY-LAST-EXTERNAL
2022-03-01 21:00:00,4.71,4.71,4.71,4.71,1365293.0,SOXS.NYSE-1-DAY-LAST-EXTERNAL
2022-03-02 21:00:00,4.25,4.25,4.25,4.25,1271156.0,SOXS.NYSE-1-DAY-LAST-EXTERNAL
2022-03-03 21:00:00,4.519999,4.519999,4.519999,4.519999,1258750.0,SOXS.NYSE-1-DAY-LAST-EXTERNAL
2022-03-04 21:00:00,4.849999,4.849999,4.849999,4.849999,2448755.0,SOXS.NYSE-1-DAY-LAST-EXTERNAL
2022-03-07 21:00:00,5.59,5.59,5.59,5.59,1512485.0,SOXS.NYSE-1-DAY-LAST-EXTERNAL
2022-03-08 21:00:00,5.28,5.28,5.28,5.28,1667399.0,SOXS.NYSE-1-DAY-LAST-EXTERNAL
2022-03-09 21:00:00,4.63,4.63,4.63,4.63,2024537.0,SOXS.NYSE-1-DAY-LAST-EXTERNAL
2022-03-10 21:00:00,4.909999,4.909999,4.909999,4.909999,826411.0,SOXS.NYSE-1-DAY-LAST-EXTERNAL
2022-03-11 21:00:00,5.219999,5.219999,5.219999,5.219999,1870663.0,SOXS.NYSE-1-DAY-LAST-EXTERNAL
2022-03-14 20:00:00,5.699999,5.699999,5.699999,5.699999,1356172.0,SOXS.NYSE-1-DAY-LAST-EXTERNAL
2022-03-15 20:00:00,4.96,4.96,4.96,4.96,1292062.0,SOXS.NYSE-1-DAY-LAST-EXTERNAL
2022-03-16 20:00:00,4.219999,4.219999,4.219999,4.219999,1782741.0,SOXS.NYSE-1-DAY-LAST-EXTERNAL
2022-03-17 20:00:00,4.119999,4.119999,4.119999,4.119999,1170766.0,SOXS.NYSE-1-DAY-LAST-EXTERNAL
2022-03-18 20:00:00,3.859999,3.859999,3.859999,3.859999,1388962.0,SOXS.NYSE-1-DAY-LAST-EXTERNAL
2022-03-21 20:00:00,3.88,3.88,3.88,3.88,1190165.0,SOXS.NYSE-1-DAY-LAST-EXTERNAL
2022-03-22 20:00:00,3.819999,3.819999,3.819999,3.819999,1281041.0,SOXS.NYSE-1-DAY-LAST-EXTERNAL
2022-03-23 20:00:00,4.099999,4.099999,4.099999,4.099999,1896185.0,SOXS.NYSE-1-DAY-LAST-EXTERNAL
2022-03-24 20:00:00,3.5,3.5,3.5,3.5,1983943.0,SOXS.NYSE-1-DAY-LAST-EXTERNAL
2022-03-25 20:00:00,3.49,3.49,3.49,3.49,1040362.0,SOXS.NYSE-1-DAY-LAST-EXTERNAL
2022-03-28 20:00:00,34.27,34.27,34.27,34.27,388240.0,SOXS.NYSE-1-DAY-LAST-EXTERNAL
2022-03-29 20:00:00,31.969999,31.969999,31.969999,31.969999,453730.0,SOXS.NYSE-1-DAY-LAST-EXTERNAL
2022-03-30 20:00:00,35.0,35.0,35.0,35.0,242750.0,SOXS.NYSE-1-DAY-LAST-EXTERNAL
2022-03-31 20:00:00,37.439998,37.439998,37.439998,37.439998,509301.0,SOXS.NYSE-1-DAY-LAST-EXTERNAL
2022-04-01 20:00:00,39.549999,39.549999,39.549999,39.549999,193300.0,SOXS.NYSE-1-DAY-LAST-EXTERNAL
2022-04-04 20:00:00,37.689998,37.689998,37.689998,37.689998,109154.0,SOXS.NYSE-1-DAY-LAST-EXTERNAL
2022-04-05 20:00:00,42.86,42.86,42.86,42.86,204302.0,SOXS.NYSE-1-DAY-LAST-EXTERNAL
2022-04-06 20:00:00,45.849998,45.849998,45.849998,45.849998,207163.0,SOXS.NYSE-1-DAY-LAST-EXTERNAL
2022-04-07 20:00:00,45.799999,45.799999,45.799999,45.799999,170972.0,SOXS.NYSE-1-DAY-LAST-EXTERNAL
2022-04-08 20:00:00,49.080001,49.080001,49.080001,49.080001,287177.0,SOXS.NYSE-1-DAY-LAST-EXTERNAL
2022-04-11 20:00:00,52.159999,52.159999,52.159999,52.159999,130816.0,SOXS.NYSE-1-DAY-LAST-EXTERNAL
2022-04-12 20:00:00,52.77,52.77,52.77,52.77,195391.0,SOXS.NYSE-1-DAY-LAST-EXTERNAL
2022-04-13 20:00:00,48.95,48.95,48.95,48.95,131148.0,SOXS.NYSE-1-DAY-LAST-EXTERNAL
2022-04-14 20:00:00,53.25,53.25,53.25,53.25,203998.0,SOXS.NYSE-1-DAY-LAST-EXTERNAL
2022-04-18 20:00:00,50.25,50.25,50.25,50.25,228457.0,SOXS.NYSE-1-DAY-LAST-EXTERNAL
2022-04-19 20:00:00,47.02,47.02,47.02,47.02,199583.0,SOXS.NYSE-1-DAY-LAST-EXTERNAL
2022-04-20 20:00:00,47.419998,47.419998,47.419998,47.419998,147883.0,SOXS.NYSE-1-DAY-LAST-EXTERNAL
2022-04-21 20:00:00,51.319999,51.319999,51.319999,51.319999,141078.0,SOXS.NYSE-1-DAY-LAST-EXTERNAL
2022-04-22 20:00:00,54.68,54.68,54.68,54.68,172436.0,SOXS.NYSE-1-DAY-LAST-EXTERNAL
2022-04-25 20:00:00,51.919998,51.919998,51.919998,51.919998,205095.0,SOXS.NYSE-1-DAY-LAST-EXTERNAL
2022-04-26 20:00:00,58.659999,58.659999,58.659999,58.659999,247604.0,SOXS.NYSE-1-DAY-LAST-EXTERNAL
2022-04-27 20:00:00,59.720001,59.720001,59.720001,59.720001,193221.0,SOXS.NYSE-1-DAY-LAST-EXTERNAL
2022-04-28 20:00:00,49.689998,49.689998,49.689998,49.689998,245453.0,SOXS.NYSE-1-DAY-LAST-EXTERNAL
2022-04-29 20:00:00,56.229999,56.229999,56.229999,56.229999,402875.0,SOXS.NYSE-1-DAY-LAST-EXTERNAL
2022-05-02 20:00:00,50.409999,50.409999,50.409999,50.409999,177965.0,SOXS.NYSE-1-DAY-LAST-EXTERNAL
2022-05-03 20:00:00,49.04,49.04,49.04,49.04,134933.0,SOXS.NYSE-1-DAY-LAST-EXTERNAL
2022-05-04 20:00:00,43.380001,43.380001,43.380001,43.380001,193810.0,SOXS.NYSE-1-DAY-LAST-EXTERNAL
2022-05-05 20:00:00,49.470001,49.470001,49.470001,49.470001,204000.0,SOXS.NYSE-1-DAY-LAST-EXTERNAL
2022-05-06 20:00:00,50.970001,50.970001,50.970001,50.970001,159058.0,SOXS.NYSE-1-DAY-LAST-EXTERNAL
2022-05-09 20:00:00,58.810001,58.810001,58.810001,58.810001,325966.0,SOXS.NYSE-1-DAY-LAST-EXTERNAL
2022-05-10 20:00:00,54.380001,54.380001,54.380001,54.380001,166692.0,SOXS.NYSE-1-DAY-LAST-EXTERNAL
2022-05-11 20:00:00,59.5,59.5,59.5,59.5,192920.0,SOXS.NYSE-1-DAY-LAST-EXTERNAL
2022-05-12 20:00:00,58.569999,58.569999,58.569999,58.569999,107511.0,SOXS.NYSE-1-DAY-LAST-EXTERNAL
2022-05-13 20:00:00,49.34,49.34,49.34,49.34,170539.0,SOXS.NYSE-1-DAY-LAST-EXTERNAL
2022-05-16 20:00:00,51.720001,51.720001,51.720001,51.720001,230870.0,SOXS.NYSE-1-DAY-LAST-EXTERNAL
2022-05-17 20:00:00,44.009998,44.009998,44.009998,44.009998,328901.0,SOXS.NYSE-1-DAY-LAST-EXTERNAL
2022-05-18 20:00:00,50.580001,50.580001,50.580001,50.580001,334925.0,SOXS.NYSE-1-DAY-LAST-EXTERNAL
2022-05-19 20:00:00,51.45,51.45,51.45,51.45,252456.0,SOXS.NYSE-1-DAY-LAST-EXTERNAL
2022-05-20 20:00:00,51.75,51.75,51.75,51.75,308641.0,SOXS.NYSE-1-DAY-LAST-EXTERNAL
2022-05-23 20:00:00,51.04,51.04,51.04,51.04,183677.0,SOXS.NYSE-1-DAY-LAST-EXTERNAL
2022-05-24 20:00:00,54.880001,54.880001,54.880001,54.880001,168862.0,SOXS.NYSE-1-DAY-LAST-EXTERNAL
2022-05-25 20:00:00,51.599998,51.599998,51.599998,51.599998,191874.0,SOXS.NYSE-1-DAY-LAST-EXTERNAL
2022-05-26 20:00:00,45.59,45.59,45.59,45.59,224585.0,SOXS.NYSE-1-DAY-LAST-EXTERNAL
2022-05-27 20:00:00,40.139999,40.139999,40.139999,40.139999,257453.0,SOXS.NYSE-1-DAY-LAST-EXTERNAL
2022-05-31 20:00:00,40.68,40.68,40.68,40.68,284471.0,SOXS.NYSE-1-DAY-LAST-EXTERNAL
2022-06-01 20:00:00,42.659999,42.659999,42.659999,42.659999,181720.0,SOXS.NYSE-1-DAY-LAST-EXTERNAL
2022-06-02 20:00:00,38.099998,38.099998,38.099998,38.099998,337751.0,SOXS.NYSE-1-DAY-LAST-EXTERNAL
2022-06-03 20:00:00,41.380001,41.380001,41.380001,41.380001,241417.0,SOXS.NYSE-1-DAY-LAST-EXTERNAL
2022-06-06 20:00:00,41.319999,41.319999,41.319999,41.319999,154369.0,SOXS.NYSE-1-DAY-LAST-EXTERNAL
2022-06-07 20:00:00,40.209999,40.209999,40.209999,40.209999,252182.0,SOXS.NYSE-1-DAY-LAST-EXTERNAL
2022-06-08 20:00:00,43.0,43.0,43.0,43.0,270318.0,SOXS.NYSE-1-DAY-LAST-EXTERNAL
2022-06-09 20:00:00,46.470001,46.470001,46.470001,46.470001,373456.0,SOXS.NYSE-1-DAY-LAST-EXTERNAL
2022-06-10 20:00:00,51.549999,51.549999,51.549999,51.549999,579198.0,SOXS.NYSE-1-DAY-LAST-EXTERNAL
2022-06-13 20:00:00,60.5,60.5,60.5,60.5,390536.0,SOXS.NYSE-1-DAY-LAST-EXTERNAL
2022-06-14 20:00:00,59.279998,59.279998,59.279998,59.279998,150486.0,SOXS.NYSE-1-DAY-LAST-EXTERNAL
2022-06-15 20:00:00,56.029998,56.029998,56.029998,56.029998,177512.0,SOXS.NYSE-1-DAY-LAST-EXTERNAL
2022-06-16 20:00:00,66.440002,66.440002,66.440002,66.440002,241999.0,SOXS.NYSE-1-DAY-LAST-EXTERNAL
2022-06-17 20:00:00,65.629997,65.629997,65.629997,65.629997,190916.0,SOXS.NYSE-1-DAY-LAST-EXTERNAL
2022-06-21 20:00:00,60.29,60.29,60.29,60.29,141647.0,SOXS.NYSE-1-DAY-LAST-EXTERNAL
2022-06-22 20:00:00,62.29,62.29,62.29,62.29,121137.0,SOXS.NYSE-1-DAY-LAST-EXTERNAL
2022-06-23 20:00:00,63.59,63.59,63.59,63.59,101642.0,SOXS.NYSE-1-DAY-LAST-EXTERNAL
2022-06-24 20:00:00,55.189998,55.189998,55.189998,55.189998,200480.0,SOXS.NYSE-1-DAY-LAST-EXTERNAL
2022-06-27 20:00:00,55.209999,55.209999,55.209999,55.209999,113898.0,SOXS.NYSE-1-DAY-LAST-EXTERNAL
2022-06-28 20:00:00,59.659999,59.659999,59.659999,59.659999,243084.0,SOXS.NYSE-1-DAY-LAST-EXTERNAL
2022-06-29 20:00:00,63.849998,63.849998,63.849998,63.849998,112639.0,SOXS.NYSE-1-DAY-LAST-EXTERNAL
2022-06-30 20:00:00,66.129997,66.129997,66.129997,66.129997,220144.0,SOXS.NYSE-1-DAY-LAST-EXTERNAL
2022-07-01 20:00:00,73.440002,73.440002,73.440002,73.440002,149897.0,SOXS.NYSE-1-DAY-LAST-EXTERNAL
2022-07-05 20:00:00,71.699996,71.699996,71.699996,71.699996,100976.0,SOXS.NYSE-1-DAY-LAST-EXTERNAL
2022-07-06 20:00:00,70.480003,70.480003,70.480003,70.480003,94657.0,SOXS.NYSE-1-DAY-LAST-EXTERNAL
2022-07-07 20:00:00,61.009998,61.009998,61.009998,61.009998,145960.0,SOXS.NYSE-1-DAY-LAST-EXTERNAL
2022-07-08 20:00:00,60.060001,60.060001,60.060001,60.060001,118557.0,SOXS.NYSE-1-DAY-LAST-EXTERNAL
2022-07-11 20:00:00,64.410003,64.410003,64.410003,64.410003,224217.0,SOXS.NYSE-1-DAY-LAST-EXTERNAL
2022-07-12 20:00:00,63.909999,63.909999,63.909999,63.909999,185227.0,SOXS.NYSE-1-DAY-LAST-EXTERNAL
2022-07-13 20:00:00,62.560001,62.560001,62.560001,62.560001,148918.0,SOXS.NYSE-1-DAY-LAST-EXTERNAL
2022-07-14 20:00:00,58.659999,58.659999,58.659999,58.659999,183299.0,SOXS.NYSE-1-DAY-LAST-EXTERNAL
2022-07-15 20:00:00,54.380001,54.380001,54.380001,54.380001,190200.0,SOXS.NYSE-1-DAY-LAST-EXTERNAL
2022-07-18 20:00:00,55.18,55.18,55.18,55.18,169041.0,SOXS.NYSE-1-DAY-LAST-EXTERNAL
2022-07-19 20:00:00,47.819999,47.819999,47.819999,47.819999,280431.0,SOXS.NYSE-1-DAY-LAST-EXTERNAL
2022-07-20 20:00:00,43.880001,43.880001,43.880001,43.880001,343612.0,SOXS.NYSE-1-DAY-LAST-EXTERNAL
2022-07-21 20:00:00,41.95,41.95,41.95,41.95,300231.0,SOXS.NYSE-1-DAY-LAST-EXTERNAL
2022-07-22 20:00:00,45.159999,45.159999,45.159999,45.159999,324744.0,SOXS.NYSE-1-DAY-LAST-EXTERNAL
2022-07-25 20:00:00,46.04,46.04,46.04,46.04,212591.0,SOXS.NYSE-1-DAY-LAST-EXTERNAL
2022-07-26 20:00:00,48.330001,48.330001,48.330001,48.330001,181776.0,SOXS.NYSE-1-DAY-LAST-EXTERNAL
2022-07-27 20:00:00,41.560001,41.560001,41.560001,41.560001,263641.0,SOXS.NYSE-1-DAY-LAST-EXTERNAL
2022-07-28 20:00:00,40.04,40.04,40.04,40.04,243038.0,SOXS.NYSE-1-DAY-LAST-EXTERNAL
2022-07-29 20:00:00,39.080001,39.080001,39.080001,39.080001,251992.0,SOXS.NYSE-1-DAY-LAST-EXTERNAL
2022-08-01 20:00:00,38.709999,38.709999,38.709999,38.709999,182605.0,SOXS.NYSE-1-DAY-LAST-EXTERNAL
2022-08-02 20:00:00,38.889999,38.889999,38.889999,38.889999,368960.0,SOXS.NYSE-1-DAY-LAST-EXTERNAL
2022-08-03 20:00:00,35.709999,35.709999,35.709999,35.709999,319606.0,SOXS.NYSE-1-DAY-LAST-EXTERNAL
2022-08-04 20:00:00,34.779998,34.779998,34.779998,34.779998,218412.0,SOXS.NYSE-1-DAY-LAST-EXTERNAL
2022-08-05 20:00:00,35.650001,35.650001,35.650001,35.650001,215194.0,SOXS.NYSE-1-DAY-LAST-EXTERNAL
2022-08-08 20:00:00,37.380001,37.380001,37.380001,37.380001,218754.0,SOXS.NYSE-1-DAY-LAST-EXTERNAL
2022-08-09 20:00:00,42.54,42.54,42.54,42.54,416296.0,SOXS.NYSE-1-DAY-LAST-EXTERNAL
2022-08-10 20:00:00,37.049999,37.049999,37.049999,37.049999,309797.0,SOXS.NYSE-1-DAY-LAST-EXTERNAL
2022-08-11 20:00:00,37.36,37.36,37.36,37.36,269089.0,SOXS.NYSE-1-DAY-LAST-EXTERNAL
2022-08-12 20:00:00,33.919998,33.919998,33.919998,33.919998,364652.0,SOXS.NYSE-1-DAY-LAST-EXTERNAL
2022-08-15 20:00:00,33.580001,33.580001,33.580001,33.580001,233202.0,SOXS.NYSE-1-DAY-LAST-EXTERNAL
2022-08-16 20:00:00,34.619998,34.619998,34.619998,34.619998,315407.0,SOXS.NYSE-1-DAY-LAST-EXTERNAL
2022-08-17 20:00:00,37.25,37.25,37.25,37.25,334544.0,SOXS.NYSE-1-DAY-LAST-EXTERNAL
2022-08-18 20:00:00,34.619998,34.619998,34.619998,34.619998,249216.0,SOXS.NYSE-1-DAY-LAST-EXTERNAL
2022-08-19 20:00:00,37.490001,37.490001,37.490001,37.490001,498749.0,SOXS.NYSE-1-DAY-LAST-EXTERNAL
2022-08-22 20:00:00,41.720001,41.720001,41.720001,41.720001,638875.0,SOXS.NYSE-1-DAY-LAST-EXTERNAL
2022-08-23 20:00:00,40.830001,40.830001,40.830001,40.830001,220339.0,SOXS.NYSE-1-DAY-LAST-EXTERNAL
2022-08-24 20:00:00,40.75,40.75,40.75,40.75,264105.0,SOXS.NYSE-1-DAY-LAST-EXTERNAL
2022-08-25 20:00:00,36.11,36.11,36.11,36.11,579124.0,SOXS.NYSE-1-DAY-LAST-EXTERNAL
2022-08-26 20:00:00,42.490001,42.490001,42.490001,42.490001,608166.0,SOXS.NYSE-1-DAY-LAST-EXTERNAL
2022-08-29 20:00:00,44.990001,44.990001,44.990001,44.990001,592615.0,SOXS.NYSE-1-DAY-LAST-EXTERNAL
2022-08-30 20:00:00,46.720001,46.720001,46.720001,46.720001,649472.0,SOXS.NYSE-1-DAY-LAST-EXTERNAL
2022-08-31 20:00:00,48.11,48.11,48.11,48.11,356700.0,SOXS.NYSE-1-DAY-LAST-EXTERNAL
2022-09-01 20:00:00,50.900001,50.900001,50.900001,50.900001,358226.0,SOXS.NYSE-1-DAY-LAST-EXTERNAL
2022-09-02 20:00:00,52.470001,52.470001,52.470001,52.470001,382385.0,SOXS.NYSE-1-DAY-LAST-EXTERNAL
2022-09-06 20:00:00,54.049999,54.049999,54.049999,54.049999,196141.0,SOXS.NYSE-1-DAY-LAST-EXTERNAL
2022-09-07 20:00:00,51.419998,51.419998,51.419998,51.419998,276775.0,SOXS.NYSE-1-DAY-LAST-EXTERNAL
2022-09-08 20:00:00,48.759998,48.759998,48.759998,48.759998,263802.0,SOXS.NYSE-1-DAY-LAST-EXTERNAL
2022-09-09 20:00:00,45.27,45.27,45.27,45.27,450375.0,SOXS.NYSE-1-DAY-LAST-EXTERNAL
2022-09-12 20:00:00,44.779998,44.779998,44.779998,44.779998,376600.0,SOXS.NYSE-1-DAY-LAST-EXTERNAL
2022-09-13 20:00:00,53.139999,53.139999,53.139999,53.139999,503258.0,SOXS.NYSE-1-DAY-LAST-EXTERNAL
2022-09-14 20:00:00,51.2,51.2,51.2,51.2,506582.0,SOXS.NYSE-1-DAY-LAST-EXTERNAL
2022-09-15 20:00:00,53.689998,53.689998,53.689998,53.689998,268548.0,SOXS.NYSE-1-DAY-LAST-EXTERNAL
2022-09-16 20:00:00,52.889999,52.889999,52.889999,52.889999,381943.0,SOXS.NYSE-1-DAY-LAST-EXTERNAL
2022-09-19 20:00:00,52.009998,52.009998,52.009998,52.009998,192074.0,SOXS.NYSE-1-DAY-LAST-EXTERNAL
2022-09-20 20:00:00,54.389999,54.389999,54.389999,54.389999,238025.0,SOXS.NYSE-1-DAY-LAST-EXTERNAL
2022-09-21 20:00:00,55.669998,55.669998,55.669998,55.669998,437308.0,SOXS.NYSE-1-DAY-LAST-EXTERNAL
2022-09-22 20:00:00,60.439998,60.439998,60.439998,60.439998,466797.0,SOXS.NYSE-1-DAY-LAST-EXTERNAL
2022-09-23 20:00:00,63.0,63.0,63.0,63.0,494593.0,SOXS.NYSE-1-DAY-LAST-EXTERNAL
2022-09-26 20:00:00,65.769996,65.769996,65.769996,65.769996,312435.0,SOXS.NYSE-1-DAY-LAST-EXTERNAL
2022-09-27 20:00:00,63.709999,63.709999,63.709999,63.709999,250001.0,SOXS.NYSE-1-DAY-LAST-EXTERNAL
2022-09-28 20:00:00,61.25,61.25,61.25,61.25,299309.0,SOXS.NYSE-1-DAY-LAST-EXTERNAL
2022-09-29 20:00:00,67.089996,67.089996,67.089996,67.089996,271646.0,SOXS.NYSE-1-DAY-LAST-EXTERNAL
2022-09-30 20:00:00,70.730003,70.730003,70.730003,70.730003,476175.0,SOXS.NYSE-1-DAY-LAST-EXTERNAL
2022-10-03 20:00:00,62.709999,62.709999,62.709999,62.709999,370300.0,SOXS.NYSE-1-DAY-LAST-EXTERNAL
2022-10-04 20:00:00,54.2,54.2,54.2,54.2,351415.0,SOXS.NYSE-1-DAY-LAST-EXTERNAL
2022-10-05 20:00:00,52.720001,52.720001,52.720001,52.720001,245995.0,SOXS.NYSE-1-DAY-LAST-EXTERNAL
2022-10-06 20:00:00,53.720001,53.720001,53.720001,53.720001,374391.0,SOXS.NYSE-1-DAY-LAST-EXTERNAL
2022-10-07 20:00:00,63.209999,63.209999,63.209999,63.209999,355672.0,SOXS.NYSE-1-DAY-LAST-EXTERNAL
2022-10-10 20:00:00,69.730003,69.730003,69.730003,69.730003,246568.0,SOXS.NYSE-1-DAY-LAST-EXTERNAL
2022-10-11 20:00:00,75.589996,75.589996,75.589996,75.589996,357988.0,SOXS.NYSE-1-DAY-LAST-EXTERNAL
2022-10-12 20:00:00,77.720001,77.720001,77.720001,77.720001,413253.0,SOXS.NYSE-1-DAY-LAST-EXTERNAL
2022-10-13 20:00:00,70.629997,70.629997,70.629997,70.629997,392794.0,SOXS.NYSE-1-DAY-LAST-EXTERNAL
2022-10-14 20:00:00,80.050003,80.050003,80.050003,80.050003,451696.0,SOXS.NYSE-1-DAY-LAST-EXTERNAL
2022-10-17 20:00:00,75.25,75.25,75.25,75.25,461992.0,SOXS.NYSE-1-DAY-LAST-EXTERNAL
2022-10-18 20:00:00,74.269996,74.269996,74.269996,74.269996,186321.0,SOXS.NYSE-1-DAY-LAST-EXTERNAL
2022-10-19 20:00:00,72.440002,72.440002,72.440002,72.440002,181398.0,SOXS.NYSE-1-DAY-LAST-EXTERNAL
2022-10-20 20:00:00,71.160003,71.160003,71.160003,71.160003,201954.0,SOXS.NYSE-1-DAY-LAST-EXTERNAL
2022-10-21 20:00:00,63.5,63.5,63.5,63.5,359894.0,SOXS.NYSE-1-DAY-LAST-EXTERNAL
2022-10-24 20:00:00,62.29,62.29,62.29,62.29,194092.0,SOXS.NYSE-1-DAY-LAST-EXTERNAL
2022-10-25 20:00:00,58.389999,58.389999,58.389999,58.389999,228247.0,SOXS.NYSE-1-DAY-LAST-EXTERNAL
2022-10-26 20:00:00,60.119998,60.119998,60.119998,60.119998,311708.0,SOXS.NYSE-1-DAY-LAST-EXTERNAL
2022-10-27 20:00:00,63.279998,63.279998,63.279998,63.279998,358333.0,SOXS.NYSE-1-DAY-LAST-EXTERNAL
2022-10-28 20:00:00,55.810001,55.810001,55.810001,55.810001,279877.0,SOXS.NYSE-1-DAY-LAST-EXTERNAL
2022-10-31 20:00:00,59.389999,59.389999,59.389999,59.389999,228349.0,SOXS.NYSE-1-DAY-LAST-EXTERNAL
2022-11-01 20:00:00,58.049999,58.049999,58.049999,58.049999,213530.0,SOXS.NYSE-1-DAY-LAST-EXTERNAL
2022-11-02 20:00:00,63.580001,63.580001,63.580001,63.580001,520243.0,SOXS.NYSE-1-DAY-LAST-EXTERNAL
2022-11-03 20:00:00,66.230003,66.230003,66.230003,66.230003,392004.0,SOXS.NYSE-1-DAY-LAST-EXTERNAL
2022-11-04 20:00:00,56.819999,56.819999,56.819999,56.819999,344227.0,SOXS.NYSE-1-DAY-LAST-EXTERNAL
2022-11-07 21:00:00,53.060001,53.060001,53.060001,53.060001,218897.0,SOXS.NYSE-1-DAY-LAST-EXTERNAL
2022-11-08 21:00:00,49.909999,49.909999,49.909999,49.909999,235864.0,SOXS.NYSE-1-DAY-LAST-EXTERNAL
2022-11-09 21:00:00,54.61,54.61,54.61,54.61,331057.0,SOXS.NYSE-1-DAY-LAST-EXTERNAL
2022-11-10 21:00:00,37.77,37.77,37.77,37.77,1182935.0,SOXS.NYSE-1-DAY-LAST-EXTERNAL
2022-11-11 21:00:00,33.889999,33.889999,33.889999,33.889999,680820.0,SOXS.NYSE-1-DAY-LAST-EXTERNAL
2022-11-14 21:00:00,35.069999,35.069999,35.069999,35.069999,951805.0,SOXS.NYSE-1-DAY-LAST-EXTERNAL
2022-11-15 21:00:00,32.0,32.0,32.0,32.0,445764.0,SOXS.NYSE-1-DAY-LAST-EXTERNAL
2022-11-16 21:00:00,36.169998,36.169998,36.169998,36.169998,644742.0,SOXS.NYSE-1-DAY-LAST-EXTERNAL
2022-11-17 21:00:00,35.159999,35.159999,35.159999,35.159999,653120.0,SOXS.NYSE-1-DAY-LAST-EXTERNAL
2022-11-18 21:00:00,34.970001,34.970001,34.970001,34.970001,466864.0,SOXS.NYSE-1-DAY-LAST-EXTERNAL
2022-11-21 21:00:00,36.729999,36.729999,36.729999,36.729999,776228.0,SOXS.NYSE-1-DAY-LAST-EXTERNAL
2022-11-22 21:00:00,33.439998,33.439998,33.439998,33.439998,660675.0,SOXS.NYSE-1-DAY-LAST-EXTERNAL
2022-11-23 21:00:00,32.369998,32.369998,32.369998,32.369998,462095.0,SOXS.NYSE-1-DAY-LAST-EXTERNAL
2022-11-25 18:00:00,33.630001,33.630001,33.301498,33.479999,183901.0,SOXS.NYSE-1-DAY-LAST-EXTERNAL
2022-11-28 21:00:00,36.279998,36.279998,36.279998,36.279998,504050.0,SOXS.NYSE-1-DAY-LAST-EXTERNAL
2022-11-29 21:00:00,36.529998,36.529998,36.529998,36.529998,281548.0,SOXS.NYSE-1-DAY-LAST-EXTERNAL
2022-11-30 21:00:00,30.01,30.01,30.01,30.01,1546324.0,SOXS.NYSE-1-DAY-LAST-EXTERNAL
2022-12-01 21:00:00,30.709999,30.709999,30.709999,30.709999,629257.0,SOXS.NYSE-1-DAY-LAST-EXTERNAL
2022-12-02 21:00:00,31.79,31.79,31.79,31.79,591563.0,SOXS.NYSE-1-DAY-LAST-EXTERNAL
2022-12-05 21:00:00,32.86,32.86,32.86,32.86,379302.0,SOXS.NYSE-1-DAY-LAST-EXTERNAL
2022-12-06 21:00:00,35.150001,35.150001,35.150001,35.150001,374073.0,SOXS.NYSE-1-DAY-LAST-EXTERNAL
2022-12-07 21:00:00,35.159999,35.159999,35.159999,35.159999,371030.0,SOXS.NYSE-1-DAY-LAST-EXTERNAL
2022-12-08 21:00:00,32.299999,32.299999,32.299999,32.299999,491082.0,SOXS.NYSE-1-DAY-LAST-EXTERNAL
2022-12-09 21:00:00,33.229999,33.229999,33.229999,33.229999,545428.0,SOXS.NYSE-1-DAY-LAST-EXTERNAL
2022-12-12 21:00:00,31.319999,31.319999,31.319999,31.319999,679498.0,SOXS.NYSE-1-DAY-LAST-EXTERNAL
2022-12-13 21:00:00,29.79,29.79,29.79,29.79,450183.0,SOXS.NYSE-1-DAY-LAST-EXTERNAL
2022-12-14 21:00:00,31.18,31.18,31.18,31.18,542937.0,SOXS.NYSE-1-DAY-LAST-EXTERNAL
2022-12-15 21:00:00,35.060001,35.060001,35.060001,35.060001,802240.0,SOXS.NYSE-1-DAY-LAST-EXTERNAL
2022-12-16 21:00:00,35.970001,35.970001,35.970001,35.970001,570355.0,SOXS.NYSE-1-DAY-LAST-EXTERNAL
2022-12-19 21:00:00,37.349998,37.349998,37.349998,37.349998,535080.0,SOXS.NYSE-1-DAY-LAST-EXTERNAL
2022-12-20 21:00:00,37.959999,37.959999,37.959999,37.959999,768859.0,SOXS.NYSE-1-DAY-LAST-EXTERNAL
2022-12-21 21:00:00,35.29,35.29,35.29,35.29,514319.0,SOXS.NYSE-1-DAY-LAST-EXTERNAL
2022-12-22 21:00:00,39.7,39.7,39.7,39.7,758201.0,SOXS.NYSE-1-DAY-LAST-EXTERNAL
2022-12-23 21:00:00,39.659999,39.659999,39.659999,39.659999,575682.0,SOXS.NYSE-1-DAY-LAST-EXTERNAL
2022-12-27 21:00:00,41.86,41.86,41.86,41.86,620852.0,SOXS.NYSE-1-DAY-LAST-EXTERNAL
2022-12-28 21:00:00,43.599998,43.599998,43.599998,43.599998,372028.0,SOXS.NYSE-1-DAY-LAST-EXTERNAL
2022-12-29 21:00:00,39.299999,39.299999,39.299999,39.299999,655120.0,SOXS.NYSE-1-DAY-LAST-EXTERNAL
2022-12-30 21:00:00,39.509998,39.509998,39.509998,39.509998,727428.0,SOXS.NYSE-1-DAY-LAST-EXTERNAL
2023-01-03 21:00:00,40.889999,40.889999,40.889999,40.889999,440345.0,SOXS.NYSE-1-DAY-LAST-EXTERNAL
2023-01-04 21:00:00,37.560001,37.560001,37.560001,37.560001,501992.0,SOXS.NYSE-1-DAY-LAST-EXTERNAL
2023-01-05 21:00:00,39.630001,39.630001,39.630001,39.630001,412952.0,SOXS.NYSE-1-DAY-LAST-EXTERNAL
2023-01-06 21:00:00,34.09,34.09,34.09,34.09,959142.0,SOXS.NYSE-1-DAY-LAST-EXTERNAL
2023-01-09 21:00:00,32.11,32.11,32.11,32.11,1049599.0,SOXS.NYSE-1-DAY-LAST-EXTERNAL
2023-01-10 21:00:00,30.87,30.87,30.87,30.87,585001.0,SOXS.NYSE-1-DAY-LAST-EXTERNAL
2023-01-11 21:00:00,29.709999,29.709999,29.709999,29.709999,999236.0,SOXS.NYSE-1-DAY-LAST-EXTERNAL
2023-01-12 21:00:00,28.739999,28.739999,28.739999,28.739999,756599.0,SOXS.NYSE-1-DAY-LAST-EXTERNAL
2023-01-13 21:00:00,28.45,28.45,28.45,28.45,663217.0,SOXS.NYSE-1-DAY-LAST-EXTERNAL
2023-01-17 21:00:00,28.19,28.19,28.19,28.19,417858.0,SOXS.NYSE-1-DAY-LAST-EXTERNAL
2023-01-18 21:00:00,28.709999,28.709999,28.709999,28.709999,706764.0,SOXS.NYSE-1-DAY-LAST-EXTERNAL
2023-01-19 21:00:00,31.149999,31.149999,31.149999,31.149999,961920.0,SOXS.NYSE-1-DAY-LAST-EXTERNAL
2023-01-20 21:00:00,28.28,28.28,28.28,28.28,855058.0,SOXS.NYSE-1-DAY-LAST-EXTERNAL
2023-01-23 21:00:00,24.049999,24.049999,24.049999,24.049999,1392920.0,SOXS.NYSE-1-DAY-LAST-EXTERNAL
2023-01-24 21:00:00,24.479999,24.479999,24.479999,24.479999,599899.0,SOXS.NYSE-1-DAY-LAST-EXTERNAL
2023-01-25 21:00:00,24.299999,24.299999,24.299999,24.299999,525553.0,SOXS.NYSE-1-DAY-LAST-EXTERNAL
2023-01-26 21:00:00,23.17,23.17,23.17,23.17,1379848.0,SOXS.NYSE-1-DAY-LAST-EXTERNAL
2023-01-27 21:00:00,23.62,23.62,23.62,23.62,968919.0,SOXS.NYSE-1-DAY-LAST-EXTERNAL
2023-01-30 21:00:00,25.399999,25.399999,25.399999,25.399999,1425214.0,SOXS.NYSE-1-DAY-LAST-EXTERNAL
2023-01-31 21:00:00,24.069999,24.069999,24.069999,24.069999,1218922.0,SOXS.NYSE-1-DAY-LAST-EXTERNAL
2023-02-01 21:00:00,20.309999,20.309999,20.309999,20.309999,1526991.0,SOXS.NYSE-1-DAY-LAST-EXTERNAL
2023-02-02 21:00:00,18.989999,18.989999,18.989999,18.989999,1574197.0,SOXS.NYSE-1-DAY-LAST-EXTERNAL
2023-02-03 21:00:00,20.02,20.02,20.02,20.02,1481614.0,SOXS.NYSE-1-DAY-LAST-EXTERNAL
2023-02-06 21:00:00,21.0,21.0,21.0,21.0,988208.0,SOXS.NYSE-1-DAY-LAST-EXTERNAL
2023-02-07 21:00:00,19.0,19.0,19.0,19.0,1474141.0,SOXS.NYSE-1-DAY-LAST-EXTERNAL
2023-02-08 21:00:00,20.219999,20.219999,20.219999,20.219999,809783.0,SOXS.NYSE-1-DAY-LAST-EXTERNAL
2023-02-09 21:00:00,20.079999,20.079999,20.079999,20.079999,1175210.0,SOXS.NYSE-1-DAY-LAST-EXTERNAL
2023-02-10 21:00:00,21.09,21.09,21.09,21.09,1228051.0,SOXS.NYSE-1-DAY-LAST-EXTERNAL
2023-02-13 21:00:00,20.19,20.19,20.19,20.19,725552.0,SOXS.NYSE-1-DAY-LAST-EXTERNAL
2023-02-14 21:00:00,19.069999,19.069999,19.069999,19.069999,911370.0,SOXS.NYSE-1-DAY-LAST-EXTERNAL
2023-02-15 21:00:00,18.85,18.85,18.85,18.85,1376912.0,SOXS.NYSE-1-DAY-LAST-EXTERNAL
2023-02-16 21:00:00,20.229999,20.229999,20.229999,20.229999,1399809.0,SOXS.NYSE-1-DAY-LAST-EXTERNAL
2023-02-17 21:00:00,21.209999,21.209999,21.209999,21.209999,1102447.0,SOXS.NYSE-1-DAY-LAST-EXTERNAL
2023-02-21 21:00:00,23.299999,23.299999,23.299999,23.299999,945105.0,SOXS.NYSE-1-DAY-LAST-EXTERNAL
2023-02-22 21:00:00,23.649999,23.649999,23.649999,23.649999,850862.0,SOXS.NYSE-1-DAY-LAST-EXTERNAL
2023-02-23 21:00:00,21.309999,21.309999,21.309999,21.309999,868081.0,SOXS.NYSE-1-DAY-LAST-EXTERNAL
2023-02-24 21:00:00,22.43,22.43,22.43,22.43,969590.0,SOXS.NYSE-1-DAY-LAST-EXTERNAL
2023-02-27 21:00:00,22.09,22.09,22.09,22.09,544137.0,SOXS.NYSE-1-DAY-LAST-EXTERNAL
2023-02-28 21:00:00,21.94,21.94,21.94,21.94,907301.0,SOXS.NYSE-1-DAY-LAST-EXTERNAL
2023-03-01 21:00:00,21.879999,21.879999,21.879999,21.879999,1025060.0,SOXS.NYSE-1-DAY-LAST-EXTERNAL
2023-03-02 21:00:00,21.399999,21.399999,21.399999,21.399999,1022936.0,SOXS.NYSE-1-DAY-LAST-EXTERNAL
2023-03-03 21:00:00,20.469999,20.469999,20.469999,20.469999,734312.0,SOXS.NYSE-1-DAY-LAST-EXTERNAL
2023-03-06 21:00:00,21.149999,21.149999,21.149999,21.149999,539404.0,SOXS.NYSE-1-DAY-LAST-EXTERNAL
2023-03-07 21:00:00,21.85,21.85,21.85,21.85,611471.0,SOXS.NYSE-1-DAY-LAST-EXTERNAL
2023-03-08 21:00:00,20.12,20.12,20.12,20.12,828749.0,SOXS.NYSE-1-DAY-LAST-EXTERNAL
2023-03-09 21:00:00,21.319999,21.319999,21.319999,21.319999,1484980.0,SOXS.NYSE-1-DAY-LAST-EXTERNAL
2023-03-10 21:00:00,22.52,22.52,22.52,22.52,1063330.0,SOXS.NYSE-1-DAY-LAST-EXTERNAL
2023-03-13 20:00:00,22.579999,22.579999,22.579999,22.579999,1236582.0,SOXS.NYSE-1-DAY-LAST-EXTERNAL
2023-03-14 20:00:00,20.52,20.52,20.52,20.52,1175991.0,SOXS.NYSE-1-DAY-LAST-EXTERNAL
2023-03-15 20:00:00,21.299999,21.299999,21.299999,21.299999,913603.0,SOXS.NYSE-1-DAY-LAST-EXTERNAL
2023-03-16 20:00:00,18.85,18.85,18.85,18.85,1033122.0,SOXS.NYSE-1-DAY-LAST-EXTERNAL
2023-03-17 20:00:00,19.139999,19.139999,19.139999,19.139999,652068.0,SOXS.NYSE-1-DAY-LAST-EXTERNAL
2023-03-20 20:00:00,18.53,18.53,18.53,18.53,566485.0,SOXS.NYSE-1-DAY-LAST-EXTERNAL
2023-03-21 20:00:00,18.319999,18.319999,18.319999,18.319999,1031732.0,SOXS.NYSE-1-DAY-LAST-EXTERNAL
2023-03-22 20:00:00,18.809999,18.809999,18.809999,18.809999,1751680.0,SOXS.NYSE-1-DAY-LAST-EXTERNAL
2023-03-23 20:00:00,17.299999,17.299999,17.299999,17.299999,862895.0,SOXS.NYSE-1-DAY-LAST-EXTERNAL
2023-03-24 20:00:00,18.2,18.2,18.2,18.2,947343.0,SOXS.NYSE-1-DAY-LAST-EXTERNAL
2023-03-27 20:00:00,18.899999,18.899999,18.899999,18.899999,870504.0,SOXS.NYSE-1-DAY-LAST-EXTERNAL
2023-03-28 20:00:00,19.319999,19.319999,19.319999,19.319999,833307.0,SOXS.NYSE-1-DAY-LAST-EXTERNAL
2023-03-29 20:00:00,17.45,17.45,17.45,17.45,1892324.0,SOXS.NYSE-1-DAY-LAST-EXTERNAL
2023-03-30 20:00:00,16.649999,16.649999,16.649999,16.649999,897303.0,SOXS.NYSE-1-DAY-LAST-EXTERNAL
2023-03-31 20:00:00,16.28,16.28,16.28,16.28,1920047.0,SOXS.NYSE-1-DAY-LAST-EXTERNAL
2023-04-03 20:00:00,16.75,16.75,16.75,16.75,1203596.0,SOXS.NYSE-1-DAY-LAST-EXTERNAL
2023-04-04 20:00:00,17.7,17.7,17.7,17.7,1103606.0,SOXS.NYSE-1-DAY-LAST-EXTERNAL
2023-04-05 20:00:00,18.67,18.67,18.67,18.67,896387.0,SOXS.NYSE-1-DAY-LAST-EXTERNAL
2023-04-06 20:00:00,18.94,18.94,18.94,18.94,614044.0,SOXS.NYSE-1-DAY-LAST-EXTERNAL
2023-04-10 20:00:00,17.989999,17.989999,17.989999,17.989999,488237.0,SOXS.NYSE-1-DAY-LAST-EXTERNAL
2023-04-11 20:00:00,18.29,18.29,18.29,18.29,1117455.0,SOXS.NYSE-1-DAY-LAST-EXTERNAL
2023-04-12 20:00:00,19.25,19.25,19.25,19.25,1067708.0,SOXS.NYSE-1-DAY-LAST-EXTERNAL
2023-04-13 20:00:00,18.819999,18.819999,18.819999,18.819999,881664.0,SOXS.NYSE-1-DAY-LAST-EXTERNAL
2023-04-14 20:00:00,18.899999,18.899999,18.899999,18.899999,414823.0,SOXS.NYSE-1-DAY-LAST-EXTERNAL
2023-04-17 20:00:00,18.93,18.93,18.93,18.93,502638.0,SOXS.NYSE-1-DAY-LAST-EXTERNAL
2023-04-18 20:00:00,18.649999,18.649999,18.649999,18.649999,493180.0,SOXS.NYSE-1-DAY-LAST-EXTERNAL
2023-04-19 20:00:00,19.299999,19.299999,19.299999,19.299999,260246.0,SOXS.NYSE-1-DAY-LAST-EXTERNAL
2023-04-20 20:00:00,19.35,19.35,19.35,19.35,1045387.0,SOXS.NYSE-1-DAY-LAST-EXTERNAL
2023-04-21 20:00:00,19.799999,19.799999,19.799999,19.799999,445543.0,SOXS.NYSE-1-DAY-LAST-EXTERNAL
2023-04-24 20:00:00,20.1,20.1,20.1,20.1,352959.0,SOXS.NYSE-1-DAY-LAST-EXTERNAL
2023-04-25 20:00:00,22.149999,22.149999,22.149999,22.149999,1080943.0,SOXS.NYSE-1-DAY-LAST-EXTERNAL
2023-04-26 20:00:00,21.76,21.76,21.76,21.76,648857.0,SOXS.NYSE-1-DAY-LAST-EXTERNAL
