2022-01-03 15:55:00,163.839996,163.904998,163.449996,163.470001,57005.0,SQ.NYSE-5-MINUTE-LAST-EXTERNAL
2022-01-03 19:55:00,163.779998,163.979995,163.760101,163.940002,53215.0,SQ.NYSE-5-MINUTE-LAST-EXTERNAL
2022-01-03 21:00:00,164.029998,164.029998,164.029998,164.029998,339424.0,SQ.NYSE-5-MINUTE-LAST-EXTERNAL
2022-01-04 15:55:00,154.100006,154.130004,153.039993,153.467895,359651.0,SQ.NYSE-5-MINUTE-LAST-EXTERNAL
2022-01-04 19:55:00,153.830001,154.300003,153.509994,153.812698,159741.0,SQ.NYSE-5-MINUTE-LAST-EXTERNAL
2022-01-04 21:00:00,156.330001,156.330001,156.330001,156.330001,503013.0,SQ.NYSE-5-MINUTE-LAST-EXTERNAL
2022-01-05 15:55:00,151.759994,152.11,151.679992,151.934997,161573.0,SQ.NYSE-5-MINUTE-LAST-EXTERNAL
2022-01-05 19:55:00,145.460006,145.75,144.669998,144.809997,261871.0,SQ.NYSE-5-MINUTE-LAST-EXTERNAL
2022-01-05 21:00:00,143.490005,143.490005,143.490005,143.490005,878716.0,SQ.NYSE-5-MINUTE-LAST-EXTERNAL
2022-01-06 15:55:00,141.070007,142.649993,140.899993,142.350006,256005.0,SQ.NYSE-5-MINUTE-LAST-EXTERNAL
2022-01-06 19:55:00,147.119995,147.199996,146.619995,146.740005,78677.0,SQ.NYSE-5-MINUTE-LAST-EXTERNAL
2022-01-06 21:00:00,144.660003,144.660003,144.660003,144.660003,348944.0,SQ.NYSE-5-MINUTE-LAST-EXTERNAL
2022-01-07 15:55:00,141.789993,142.919998,141.690002,142.339996,84288.0,SQ.NYSE-5-MINUTE-LAST-EXTERNAL
2022-01-07 19:55:00,142.570007,142.604995,142.199996,142.199996,52617.0,SQ.NYSE-5-MINUTE-LAST-EXTERNAL
2022-01-07 21:00:00,141.539993,141.539993,141.539993,141.539993,387615.0,SQ.NYSE-5-MINUTE-LAST-EXTERNAL
2022-01-10 15:55:00,134.389999,135.080001,133.800003,134.580001,189833.0,SQ.NYSE-5-MINUTE-LAST-EXTERNAL
2022-01-10 19:55:00,139.449996,140.070007,139.389999,140.065002,117973.0,SQ.NYSE-5-MINUTE-LAST-EXTERNAL
2022-01-10 21:00:00,144.479995,144.479995,144.479995,144.479995,1043750.0,SQ.NYSE-5-MINUTE-LAST-EXTERNAL
2022-01-11 15:55:00,145.089996,145.389999,144.589996,145.320007,85570.0,SQ.NYSE-5-MINUTE-LAST-EXTERNAL
2022-01-11 19:55:00,150.229995,150.520004,149.600006,149.800003,111240.0,SQ.NYSE-5-MINUTE-LAST-EXTERNAL
2022-01-11 21:00:00,148.429992,148.429992,148.429992,148.429992,490064.0,SQ.NYSE-5-MINUTE-LAST-EXTERNAL
2022-01-12 15:55:00,145.852798,147.160003,145.645004,146.979995,204332.0,SQ.NYSE-5-MINUTE-LAST-EXTERNAL
2022-01-12 19:55:00,148.11,148.350006,147.970001,148.169998,45566.0,SQ.NYSE-5-MINUTE-LAST-EXTERNAL
2022-01-12 21:00:00,145.470001,145.470001,145.470001,145.470001,637570.0,SQ.NYSE-5-MINUTE-LAST-EXTERNAL
2022-01-13 15:55:00,140.470001,141.100006,140.350006,140.880004,110760.0,SQ.NYSE-5-MINUTE-LAST-EXTERNAL
2022-01-13 19:55:00,138.820007,139.490005,138.810104,139.380004,94190.0,SQ.NYSE-5-MINUTE-LAST-EXTERNAL
2022-01-13 21:00:00,136.949996,136.949996,136.949996,136.949996,760979.0,SQ.NYSE-5-MINUTE-LAST-EXTERNAL
2022-01-14 15:55:00,132.759994,132.990005,132.255004,132.490005,158717.0,SQ.NYSE-5-MINUTE-LAST-EXTERNAL
2022-01-14 19:55:00,132.630004,132.709899,132.259994,132.304992,79705.0,SQ.NYSE-5-MINUTE-LAST-EXTERNAL
2022-01-14 21:00:00,133.289993,133.289993,133.289993,133.289993,872231.0,SQ.NYSE-5-MINUTE-LAST-EXTERNAL
2022-01-18 15:55:00,134.522796,134.770004,133.850006,134.009994,116560.0,SQ.NYSE-5-MINUTE-LAST-EXTERNAL
2022-01-18 19:55:00,132.699996,132.800003,132.179992,132.190002,136080.0,SQ.NYSE-5-MINUTE-LAST-EXTERNAL
2022-01-18 21:00:00,130.0,130.0,130.0,130.0,827675.0,SQ.NYSE-5-MINUTE-LAST-EXTERNAL
2022-01-19 15:55:00,128.36,129.100006,128.220001,128.912796,138594.0,SQ.NYSE-5-MINUTE-LAST-EXTERNAL
2022-01-19 19:55:00,128.440002,128.789993,128.149993,128.289306,108888.0,SQ.NYSE-5-MINUTE-LAST-EXTERNAL
2022-01-19 21:00:00,128.139999,128.139999,128.139999,128.139999,1203495.0,SQ.NYSE-5-MINUTE-LAST-EXTERNAL
2022-01-20 15:55:00,135.009994,135.059997,134.529998,134.75,185237.0,SQ.NYSE-5-MINUTE-LAST-EXTERNAL
2022-01-20 19:55:00,131.410003,131.598602,130.948898,131.289993,108327.0,SQ.NYSE-5-MINUTE-LAST-EXTERNAL
2022-01-20 20:55:00,127.309997,127.75,127.080001,127.54,577617.0,SQ.NYSE-5-MINUTE-LAST-EXTERNAL
2022-01-21 15:55:00,124.75,124.75,123.620101,124.029998,135183.0,SQ.NYSE-5-MINUTE-LAST-EXTERNAL
2022-01-21 19:55:00,120.0,120.165,119.220001,119.260002,155110.0,SQ.NYSE-5-MINUTE-LAST-EXTERNAL
2022-01-21 20:55:00,118.105003,118.5,117.809997,118.019996,798590.0,SQ.NYSE-5-MINUTE-LAST-EXTERNAL
2022-01-24 15:55:00,109.319999,109.589996,108.349998,108.809997,289702.0,SQ.NYSE-5-MINUTE-LAST-EXTERNAL
2022-01-24 19:55:00,112.190002,113.199996,111.36,112.760002,281801.0,SQ.NYSE-5-MINUTE-LAST-EXTERNAL
2022-01-24 21:00:00,117.300003,117.300003,117.300003,117.300003,567226.0,SQ.NYSE-5-MINUTE-LAST-EXTERNAL
2022-01-25 15:55:00,111.129997,111.449996,110.550003,110.690002,227455.0,SQ.NYSE-5-MINUTE-LAST-EXTERNAL
2022-01-25 19:55:00,118.5,118.979598,118.43,118.819999,286126.0,SQ.NYSE-5-MINUTE-LAST-EXTERNAL
2022-01-25 21:00:00,115.300003,115.300003,115.300003,115.300003,749824.0,SQ.NYSE-5-MINUTE-LAST-EXTERNAL
2022-01-26 15:55:00,117.239997,118.309997,116.86,118.129997,133423.0,SQ.NYSE-5-MINUTE-LAST-EXTERNAL
2022-01-26 19:55:00,115.908401,115.908401,114.510002,114.760002,230853.0,SQ.NYSE-5-MINUTE-LAST-EXTERNAL
2022-01-26 20:55:00,111.629997,111.68,110.650001,110.989997,679461.0,SQ.NYSE-5-MINUTE-LAST-EXTERNAL
2022-01-27 15:55:00,107.029998,108.589996,107.029998,108.440002,282432.0,SQ.NYSE-5-MINUTE-LAST-EXTERNAL
2022-01-27 19:55:00,105.5,106.209999,105.2201,105.6399,187956.0,SQ.NYSE-5-MINUTE-LAST-EXTERNAL
2022-01-27 21:00:00,105.639999,105.639999,105.639999,105.639999,1576718.0,SQ.NYSE-5-MINUTE-LAST-EXTERNAL
2022-01-28 15:55:00,107.689903,108.489997,107.5783,108.339996,253371.0,SQ.NYSE-5-MINUTE-LAST-EXTERNAL
2022-01-28 19:55:00,106.944999,107.830001,106.940002,107.589996,140811.0,SQ.NYSE-5-MINUTE-LAST-EXTERNAL
2022-01-28 21:00:00,110.379997,110.379997,110.379997,110.379997,680582.0,SQ.NYSE-5-MINUTE-LAST-EXTERNAL
2022-01-31 15:55:00,118.580101,118.830001,118.260002,118.800003,136526.0,SQ.NYSE-5-MINUTE-LAST-EXTERNAL
2022-01-31 19:55:00,121.025001,121.589897,120.989997,121.29,112133.0,SQ.NYSE-5-MINUTE-LAST-EXTERNAL
2022-01-31 21:00:00,122.29,122.29,122.29,122.29,819750.0,SQ.NYSE-5-MINUTE-LAST-EXTERNAL
2022-02-01 15:55:00,124.36,125.239997,124.349998,125.150001,223236.0,SQ.NYSE-5-MINUTE-LAST-EXTERNAL
2022-02-01 19:55:00,126.11,126.359596,125.580001,125.940002,90934.0,SQ.NYSE-5-MINUTE-LAST-EXTERNAL
2022-02-01 21:00:00,127.61,127.61,127.61,127.61,557464.0,SQ.NYSE-5-MINUTE-LAST-EXTERNAL
2022-02-02 15:55:00,115.230003,115.279998,114.544998,114.970001,305908.0,SQ.NYSE-5-MINUTE-LAST-EXTERNAL
2022-02-02 19:55:00,114.951896,114.962402,114.080001,114.139999,190022.0,SQ.NYSE-5-MINUTE-LAST-EXTERNAL
2022-02-02 21:00:00,114.04,114.04,114.04,114.04,715515.0,SQ.NYSE-5-MINUTE-LAST-EXTERNAL
2022-02-03 15:55:00,105.169998,105.569999,104.849998,105.019996,274771.0,SQ.NYSE-5-MINUTE-LAST-EXTERNAL
2022-02-03 19:55:00,100.423103,101.79,100.389999,101.714996,567997.0,SQ.NYSE-5-MINUTE-LAST-EXTERNAL
2022-02-03 21:00:00,101.5,101.5,101.5,101.5,1271026.0,SQ.NYSE-5-MINUTE-LAST-EXTERNAL
2022-02-04 15:55:00,105.349998,105.480003,104.735,105.0438,191367.0,SQ.NYSE-5-MINUTE-LAST-EXTERNAL
2022-02-04 19:55:00,108.069999,108.410003,107.956497,108.410003,103762.0,SQ.NYSE-5-MINUTE-LAST-EXTERNAL
2022-02-04 21:00:00,108.870002,108.870002,108.870002,108.870002,618958.0,SQ.NYSE-5-MINUTE-LAST-EXTERNAL
2022-02-07 15:55:00,106.099998,106.402496,105.900001,106.168296,133393.0,SQ.NYSE-5-MINUTE-LAST-EXTERNAL
2022-02-07 19:55:00,103.885002,104.059997,103.699996,103.815002,61690.0,SQ.NYSE-5-MINUTE-LAST-EXTERNAL
2022-02-07 21:00:00,102.809997,102.809997,102.809997,102.809997,1040671.0,SQ.NYSE-5-MINUTE-LAST-EXTERNAL
2022-02-08 15:55:00,101.339996,101.739997,101.019996,101.474998,384751.0,SQ.NYSE-5-MINUTE-LAST-EXTERNAL
2022-02-08 19:55:00,101.703002,101.703002,101.29,101.470001,70462.0,SQ.NYSE-5-MINUTE-LAST-EXTERNAL
2022-02-08 21:00:00,102.29,102.29,102.29,102.29,691721.0,SQ.NYSE-5-MINUTE-LAST-EXTERNAL
2022-02-09 15:55:00,110.529998,110.815002,110.150001,110.800003,196745.0,SQ.NYSE-5-MINUTE-LAST-EXTERNAL
2022-02-09 19:55:00,111.690002,111.690002,111.230003,111.285003,207046.0,SQ.NYSE-5-MINUTE-LAST-EXTERNAL
2022-02-09 21:00:00,112.839996,112.839996,112.839996,112.839996,725292.0,SQ.NYSE-5-MINUTE-LAST-EXTERNAL
2022-02-10 15:55:00,116.529998,117.0,116.260002,116.970001,261661.0,SQ.NYSE-5-MINUTE-LAST-EXTERNAL
2022-02-10 19:55:00,111.160003,111.419998,108.879997,109.4925,994024.0,SQ.NYSE-5-MINUTE-LAST-EXTERNAL
2022-02-10 21:00:00,108.940002,108.940002,108.940002,108.940002,673601.0,SQ.NYSE-5-MINUTE-LAST-EXTERNAL
2022-02-11 15:55:00,115.29,115.379997,114.019996,114.18,387179.0,SQ.NYSE-5-MINUTE-LAST-EXTERNAL
2022-02-11 19:55:00,107.589996,108.099998,107.529998,108.096702,149463.0,SQ.NYSE-5-MINUTE-LAST-EXTERNAL
2022-02-11 21:00:00,107.879997,107.879997,107.879997,107.879997,685614.0,SQ.NYSE-5-MINUTE-LAST-EXTERNAL
2022-02-14 15:55:00,113.93,114.569999,113.43,113.599998,380960.0,SQ.NYSE-5-MINUTE-LAST-EXTERNAL
2022-02-14 19:55:00,113.089996,113.25,112.779998,113.004997,127689.0,SQ.NYSE-5-MINUTE-LAST-EXTERNAL
2022-02-14 21:00:00,111.639999,111.639999,111.639999,111.639999,1046575.0,SQ.NYSE-5-MINUTE-LAST-EXTERNAL
2022-02-15 15:55:00,112.869903,113.080001,111.819999,111.925003,175240.0,SQ.NYSE-5-MINUTE-LAST-EXTERNAL
2022-02-15 19:55:00,113.404998,113.940002,113.36,113.779899,225062.0,SQ.NYSE-5-MINUTE-LAST-EXTERNAL
2022-02-15 21:00:00,115.209999,115.209999,115.209999,115.209999,493365.0,SQ.NYSE-5-MINUTE-LAST-EXTERNAL
2022-02-16 15:55:00,112.370002,112.529998,111.599998,111.805,121383.0,SQ.NYSE-5-MINUTE-LAST-EXTERNAL
2022-02-16 19:55:00,109.199996,110.029998,109.190002,110.029998,183779.0,SQ.NYSE-5-MINUTE-LAST-EXTERNAL
2022-02-16 21:00:00,109.0,109.0,109.0,109.0,645446.0,SQ.NYSE-5-MINUTE-LAST-EXTERNAL
2022-02-17 15:55:00,107.04,107.379997,106.889999,107.345001,154938.0,SQ.NYSE-5-MINUTE-LAST-EXTERNAL
2022-02-17 19:55:00,105.044998,105.160003,104.830001,104.910003,78361.0,SQ.NYSE-5-MINUTE-LAST-EXTERNAL
2022-02-17 21:00:00,104.019996,104.019996,104.019996,104.019996,654673.0,SQ.NYSE-5-MINUTE-LAST-EXTERNAL
2022-02-18 15:55:00,98.239997,98.239997,97.771102,98.065002,350114.0,SQ.NYSE-5-MINUTE-LAST-EXTERNAL
2022-02-18 19:55:00,98.349998,98.440002,98.04,98.305,234442.0,SQ.NYSE-5-MINUTE-LAST-EXTERNAL
2022-02-18 21:00:00,97.720001,97.720001,97.720001,97.720001,524903.0,SQ.NYSE-5-MINUTE-LAST-EXTERNAL
2022-02-22 15:55:00,96.480003,96.480003,96.120002,96.190002,77354.0,SQ.NYSE-5-MINUTE-LAST-EXTERNAL
2022-02-22 19:55:00,96.339996,96.849998,96.309997,96.385002,152572.0,SQ.NYSE-5-MINUTE-LAST-EXTERNAL
2022-02-22 21:00:00,93.910003,93.910003,93.910003,93.910003,568837.0,SQ.NYSE-5-MINUTE-LAST-EXTERNAL
2022-02-23 15:55:00,90.714996,91.364997,90.5373,91.035003,246243.0,SQ.NYSE-5-MINUTE-LAST-EXTERNAL
2022-02-23 19:55:00,90.128196,90.339996,89.919998,90.139999,132912.0,SQ.NYSE-5-MINUTE-LAST-EXTERNAL
2022-02-23 21:00:00,88.720001,88.720001,88.720001,88.720001,658678.0,SQ.NYSE-5-MINUTE-LAST-EXTERNAL
2022-02-24 15:55:00,89.419998,90.379997,89.393699,89.639999,281338.0,SQ.NYSE-5-MINUTE-LAST-EXTERNAL
2022-02-24 19:55:00,91.169998,91.25,90.589996,91.25,331709.0,SQ.NYSE-5-MINUTE-LAST-EXTERNAL
2022-02-24 21:00:00,94.989997,94.989997,94.989997,94.989997,1014924.0,SQ.NYSE-5-MINUTE-LAST-EXTERNAL
2022-02-25 15:55:00,116.700103,117.5,116.629997,117.055496,942752.0,SQ.NYSE-5-MINUTE-LAST-EXTERNAL
2022-02-25 19:55:00,117.451103,118.459999,117.36,117.879997,679197.0,SQ.NYSE-5-MINUTE-LAST-EXTERNAL
2022-02-25 21:00:00,119.819999,119.819999,119.819999,119.819999,1943568.0,SQ.NYSE-5-MINUTE-LAST-EXTERNAL
2022-02-28 15:55:00,127.93,129.25,127.894996,128.110702,896200.0,SQ.NYSE-5-MINUTE-LAST-EXTERNAL
2022-02-28 19:55:00,125.459999,126.29,125.4328,126.014999,279536.0,SQ.NYSE-5-MINUTE-LAST-EXTERNAL
2022-02-28 21:00:00,127.5,127.5,127.5,127.5,1362551.0,SQ.NYSE-5-MINUTE-LAST-EXTERNAL
2022-03-01 15:55:00,128.330001,128.339996,126.199996,126.379997,479218.0,SQ.NYSE-5-MINUTE-LAST-EXTERNAL
2022-03-01 19:55:00,127.260002,127.400001,127.010002,127.300003,107886.0,SQ.NYSE-5-MINUTE-LAST-EXTERNAL
2022-03-01 21:00:00,126.059997,126.059997,126.059997,126.059997,696538.0,SQ.NYSE-5-MINUTE-LAST-EXTERNAL
2022-03-02 15:55:00,119.410003,120.230003,119.29,119.639999,144239.0,SQ.NYSE-5-MINUTE-LAST-EXTERNAL
2022-03-02 19:55:00,123.349998,123.614997,123.111,123.260002,104694.0,SQ.NYSE-5-MINUTE-LAST-EXTERNAL
2022-03-02 21:00:00,124.260002,124.260002,124.260002,124.260002,568515.0,SQ.NYSE-5-MINUTE-LAST-EXTERNAL
2022-03-03 15:55:00,116.580001,116.694999,116.169998,116.480003,172630.0,SQ.NYSE-5-MINUTE-LAST-EXTERNAL
2022-03-03 19:55:00,114.900001,115.101997,114.720001,114.980003,156763.0,SQ.NYSE-5-MINUTE-LAST-EXTERNAL
2022-03-03 21:00:00,114.220001,114.220001,114.220001,114.220001,557621.0,SQ.NYSE-5-MINUTE-LAST-EXTERNAL
2022-03-04 15:55:00,109.294998,109.339996,108.650001,108.769996,279075.0,SQ.NYSE-5-MINUTE-LAST-EXTERNAL
2022-03-04 19:55:00,106.339996,106.529998,105.54,105.6427,218250.0,SQ.NYSE-5-MINUTE-LAST-EXTERNAL
2022-03-04 21:00:00,106.519996,106.519996,106.519996,106.519996,630811.0,SQ.NYSE-5-MINUTE-LAST-EXTERNAL
2022-03-07 15:55:00,96.25,97.209999,96.120101,96.86,578903.0,SQ.NYSE-5-MINUTE-LAST-EXTERNAL
2022-03-07 19:55:00,98.209999,98.309997,97.54,97.769996,320898.0,SQ.NYSE-5-MINUTE-LAST-EXTERNAL
2022-03-07 21:00:00,97.510002,97.510002,97.510002,97.510002,631858.0,SQ.NYSE-5-MINUTE-LAST-EXTERNAL
2022-03-08 15:55:00,96.872497,98.0,96.739997,97.669998,385124.0,SQ.NYSE-5-MINUTE-LAST-EXTERNAL
2022-03-08 19:55:00,102.239997,102.669998,101.849998,102.459999,231389.0,SQ.NYSE-5-MINUTE-LAST-EXTERNAL
2022-03-08 21:00:00,100.620002,100.620002,100.620002,100.620002,617949.0,SQ.NYSE-5-MINUTE-LAST-EXTERNAL
2022-03-09 15:55:00,111.759902,112.190002,111.129997,111.809997,527984.0,SQ.NYSE-5-MINUTE-LAST-EXTERNAL
2022-03-09 19:55:00,110.459999,111.098602,110.404403,110.849998,163165.0,SQ.NYSE-5-MINUTE-LAST-EXTERNAL
2022-03-09 21:00:00,111.919998,111.919998,111.919998,111.919998,1038810.0,SQ.NYSE-5-MINUTE-LAST-EXTERNAL
2022-03-10 15:55:00,105.839996,106.150001,105.68,105.870002,277291.0,SQ.NYSE-5-MINUTE-LAST-EXTERNAL
2022-03-10 19:55:00,108.525001,108.79,108.356002,108.514999,112708.0,SQ.NYSE-5-MINUTE-LAST-EXTERNAL
2022-03-10 21:00:00,108.870002,108.870002,108.870002,108.870002,577229.0,SQ.NYSE-5-MINUTE-LAST-EXTERNAL
2022-03-11 15:55:00,106.334999,106.940002,106.334999,106.800003,110736.0,SQ.NYSE-5-MINUTE-LAST-EXTERNAL
2022-03-11 19:55:00,103.849998,103.870002,103.120002,103.129997,235236.0,SQ.NYSE-5-MINUTE-LAST-EXTERNAL
2022-03-11 21:00:00,101.93,101.93,101.93,101.93,611684.0,SQ.NYSE-5-MINUTE-LAST-EXTERNAL
2022-03-14 15:55:00,96.126899,96.199996,95.769996,95.849998,252046.0,SQ.NYSE-5-MINUTE-LAST-EXTERNAL
2022-03-14 19:55:00,94.379997,94.949996,94.25,94.839996,947165.0,SQ.NYSE-5-MINUTE-LAST-EXTERNAL
2022-03-15 15:55:00,98.18,98.190002,97.519996,98.149902,156399.0,SQ.NYSE-5-MINUTE-LAST-EXTERNAL
2022-03-15 19:55:00,103.529998,103.639999,102.980903,103.050003,643235.0,SQ.NYSE-5-MINUTE-LAST-EXTERNAL
2022-03-16 15:55:00,112.550003,112.650001,112.199996,112.54,229602.0,SQ.NYSE-5-MINUTE-LAST-EXTERNAL
2022-03-16 19:55:00,116.150001,116.378997,115.79,115.93,968319.0,SQ.NYSE-5-MINUTE-LAST-EXTERNAL
2022-03-17 15:55:00,122.660003,122.980003,122.54,122.888999,126776.0,SQ.NYSE-5-MINUTE-LAST-EXTERNAL
2022-03-17 19:55:00,127.709999,128.179992,127.4402,127.93,1104567.0,SQ.NYSE-5-MINUTE-LAST-EXTERNAL
2022-03-18 15:55:00,131.059997,132.059997,131.009994,131.979995,181572.0,SQ.NYSE-5-MINUTE-LAST-EXTERNAL
2022-03-18 19:55:00,140.059997,142.940002,140.059997,140.580001,2713345.0,SQ.NYSE-5-MINUTE-LAST-EXTERNAL
2022-03-21 15:55:00,134.979995,135.759994,134.779998,135.639999,360759.0,SQ.NYSE-5-MINUTE-LAST-EXTERNAL
2022-03-21 19:55:00,134.649993,135.199905,134.619995,134.830001,729435.0,SQ.NYSE-5-MINUTE-LAST-EXTERNAL
2022-03-22 15:55:00,145.438095,145.61,144.369995,144.369995,363787.0,SQ.NYSE-5-MINUTE-LAST-EXTERNAL
2022-03-22 19:55:00,141.5,142.039993,141.220001,141.779998,564478.0,SQ.NYSE-5-MINUTE-LAST-EXTERNAL
2022-03-23 15:55:00,141.369995,142.850006,141.369995,142.628097,294297.0,SQ.NYSE-5-MINUTE-LAST-EXTERNAL
2022-03-23 19:55:00,135.820007,136.079498,135.339996,135.339996,567580.0,SQ.NYSE-5-MINUTE-LAST-EXTERNAL
2022-03-24 15:55:00,132.770004,133.300003,132.509994,133.169998,134398.0,SQ.NYSE-5-MINUTE-LAST-EXTERNAL
2022-03-24 19:55:00,134.619995,135.190002,134.279998,135.149993,693719.0,SQ.NYSE-5-MINUTE-LAST-EXTERNAL
2022-03-25 15:55:00,128.509994,128.539993,128.119995,128.440002,192754.0,SQ.NYSE-5-MINUTE-LAST-EXTERNAL
2022-03-25 19:55:00,129.963897,130.570007,129.880599,130.315704,371425.0,SQ.NYSE-5-MINUTE-LAST-EXTERNAL
2022-03-28 15:55:00,133.100006,133.309997,132.759994,132.910003,107125.0,SQ.NYSE-5-MINUTE-LAST-EXTERNAL
2022-03-28 19:55:00,137.839996,138.479995,137.580001,138.048202,534027.0,SQ.NYSE-5-MINUTE-LAST-EXTERNAL
2022-03-29 15:55:00,144.207595,144.380004,143.75,144.279098,204513.0,SQ.NYSE-5-MINUTE-LAST-EXTERNAL
2022-03-29 19:55:00,146.600006,147.179992,146.580001,146.836898,624095.0,SQ.NYSE-5-MINUTE-LAST-EXTERNAL
2022-03-30 15:55:00,144.699996,145.119995,144.479995,145.057006,95564.0,SQ.NYSE-5-MINUTE-LAST-EXTERNAL
2022-03-30 19:55:00,139.039993,140.149993,138.990005,140.089996,514853.0,SQ.NYSE-5-MINUTE-LAST-EXTERNAL
2022-03-31 15:55:00,137.330001,137.735,137.220001,137.735,86496.0,SQ.NYSE-5-MINUTE-LAST-EXTERNAL
2022-03-31 19:55:00,136.080001,136.380004,135.479995,135.61,513434.0,SQ.NYSE-5-MINUTE-LAST-EXTERNAL
2022-04-01 15:55:00,135.039993,135.065002,133.640899,133.679992,241323.0,SQ.NYSE-5-MINUTE-LAST-EXTERNAL
2022-04-01 19:55:00,133.419998,133.800003,133.333602,133.539993,481647.0,SQ.NYSE-5-MINUTE-LAST-EXTERNAL
2022-04-04 15:55:00,143.880004,143.949996,143.089996,143.839996,156064.0,SQ.NYSE-5-MINUTE-LAST-EXTERNAL
2022-04-04 19:55:00,145.315002,145.5,145.059997,145.179992,530141.0,SQ.NYSE-5-MINUTE-LAST-EXTERNAL
2022-04-05 15:55:00,136.410003,136.550003,135.908599,135.977401,162376.0,SQ.NYSE-5-MINUTE-LAST-EXTERNAL
2022-04-05 19:55:00,136.339996,136.570007,135.820007,135.929992,534503.0,SQ.NYSE-5-MINUTE-LAST-EXTERNAL
2022-04-06 15:55:00,126.923103,126.970001,125.999801,126.574996,202159.0,SQ.NYSE-5-MINUTE-LAST-EXTERNAL
2022-04-06 19:55:00,129.264999,129.539993,128.729995,128.740005,498034.0,SQ.NYSE-5-MINUTE-LAST-EXTERNAL
2022-04-07 15:55:00,123.690002,123.949996,123.243103,123.459999,320316.0,SQ.NYSE-5-MINUTE-LAST-EXTERNAL
2022-04-07 19:55:00,126.150001,126.221298,125.760002,125.769996,428989.0,SQ.NYSE-5-MINUTE-LAST-EXTERNAL
2022-04-08 15:55:00,125.18,125.639999,124.949798,125.504997,57499.0,SQ.NYSE-5-MINUTE-LAST-EXTERNAL
2022-04-08 19:55:00,123.269996,123.459999,123.04,123.220001,340020.0,SQ.NYSE-5-MINUTE-LAST-EXTERNAL
2022-04-11 15:55:00,123.419998,123.419998,122.735,122.849998,104830.0,SQ.NYSE-5-MINUTE-LAST-EXTERNAL
2022-04-11 19:55:00,123.04,123.61,122.885002,123.129997,483630.0,SQ.NYSE-5-MINUTE-LAST-EXTERNAL
2022-04-12 15:55:00,127.61,127.660003,126.529998,126.849998,81453.0,SQ.NYSE-5-MINUTE-LAST-EXTERNAL
2022-04-12 19:55:00,122.980003,123.084999,122.534301,122.900497,292453.0,SQ.NYSE-5-MINUTE-LAST-EXTERNAL
2022-04-13 15:55:00,125.464996,125.940002,125.375,125.889999,86374.0,SQ.NYSE-5-MINUTE-LAST-EXTERNAL
2022-04-13 19:55:00,125.730003,126.089996,125.551101,126.069999,425507.0,SQ.NYSE-5-MINUTE-LAST-EXTERNAL
2022-04-14 15:55:00,122.68,123.050003,122.68,122.870002,48131.0,SQ.NYSE-5-MINUTE-LAST-EXTERNAL
2022-04-14 19:55:00,121.440002,121.660003,121.129997,121.29,416286.0,SQ.NYSE-5-MINUTE-LAST-EXTERNAL
2022-04-18 15:55:00,117.18,117.650001,117.160003,117.519996,107815.0,SQ.NYSE-5-MINUTE-LAST-EXTERNAL
2022-04-18 19:55:00,118.690002,119.410003,118.595001,119.389999,397154.0,SQ.NYSE-5-MINUTE-LAST-EXTERNAL
2022-04-19 15:55:00,125.730003,125.779998,125.589996,125.771102,107746.0,SQ.NYSE-5-MINUTE-LAST-EXTERNAL
2022-04-19 19:55:00,125.440002,125.75,125.199996,125.75,427775.0,SQ.NYSE-5-MINUTE-LAST-EXTERNAL
2022-04-20 15:55:00,115.949996,116.419998,115.61,115.701202,162806.0,SQ.NYSE-5-MINUTE-LAST-EXTERNAL
2022-04-20 19:55:00,115.150001,115.209999,114.5,114.519996,679563.0,SQ.NYSE-5-MINUTE-LAST-EXTERNAL
2022-04-21 15:55:00,108.370002,108.370002,107.709999,107.709999,177901.0,SQ.NYSE-5-MINUTE-LAST-EXTERNAL
2022-04-21 19:55:00,107.86,107.86,107.459999,107.620002,385490.0,SQ.NYSE-5-MINUTE-LAST-EXTERNAL
2022-04-22 15:55:00,104.059997,104.199996,103.419998,103.489997,170654.0,SQ.NYSE-5-MINUTE-LAST-EXTERNAL
2022-04-22 19:55:00,102.834999,102.991897,102.510002,102.709999,404329.0,SQ.NYSE-5-MINUTE-LAST-EXTERNAL
2022-04-25 15:55:00,105.43,105.580001,105.029998,105.169998,68627.0,SQ.NYSE-5-MINUTE-LAST-EXTERNAL
2022-04-25 19:55:00,107.18,107.459999,106.849998,107.349998,338218.0,SQ.NYSE-5-MINUTE-LAST-EXTERNAL
2022-04-26 15:55:00,100.449996,100.470001,100.099998,100.260002,143442.0,SQ.NYSE-5-MINUTE-LAST-EXTERNAL
2022-04-26 19:55:00,100.455001,100.75,100.400001,100.459999,421617.0,SQ.NYSE-5-MINUTE-LAST-EXTERNAL
2022-04-27 15:55:00,98.889999,99.319999,98.75,99.279998,82347.0,SQ.NYSE-5-MINUTE-LAST-EXTERNAL
2022-04-27 19:55:00,99.805,100.120002,99.75,99.93,526158.0,SQ.NYSE-5-MINUTE-LAST-EXTERNAL
2022-04-28 15:55:00,98.839996,98.859901,98.319999,98.739997,135551.0,SQ.NYSE-5-MINUTE-LAST-EXTERNAL
2022-04-28 19:55:00,104.900001,104.910003,104.512199,104.620002,550834.0,SQ.NYSE-5-MINUTE-LAST-EXTERNAL
2022-04-29 15:55:00,105.199996,105.239997,104.425003,104.574996,102888.0,SQ.NYSE-5-MINUTE-LAST-EXTERNAL
2022-04-29 19:55:00,99.625,99.669998,99.319999,99.569999,482119.0,SQ.NYSE-5-MINUTE-LAST-EXTERNAL
2022-05-02 15:55:00,101.970001,102.439903,101.800003,102.269996,144615.0,SQ.NYSE-5-MINUTE-LAST-EXTERNAL
2022-05-02 19:55:00,105.440002,105.970001,105.260002,105.830001,440502.0,SQ.NYSE-5-MINUTE-LAST-EXTERNAL
2022-05-03 15:55:00,104.93,105.220001,104.660003,104.900001,76160.0,SQ.NYSE-5-MINUTE-LAST-EXTERNAL
2022-05-03 19:55:00,102.36,102.639999,102.239997,102.319999,468946.0,SQ.NYSE-5-MINUTE-LAST-EXTERNAL
2022-05-04 15:55:00,94.864997,95.300003,94.669998,95.18,227150.0,SQ.NYSE-5-MINUTE-LAST-EXTERNAL
2022-05-04 19:55:00,106.400001,106.959999,106.225601,106.79,555999.0,SQ.NYSE-5-MINUTE-LAST-EXTERNAL
2022-05-05 15:55:00,95.940002,96.109901,95.650001,95.800003,166112.0,SQ.NYSE-5-MINUTE-LAST-EXTERNAL
2022-05-05 19:55:00,95.18,95.93,95.129997,95.580001,760647.0,SQ.NYSE-5-MINUTE-LAST-EXTERNAL
2022-05-06 15:55:00,96.7891,96.959999,96.599998,96.644996,411339.0,SQ.NYSE-5-MINUTE-LAST-EXTERNAL
2022-05-06 19:55:00,96.440002,96.698997,96.099998,96.199996,962799.0,SQ.NYSE-5-MINUTE-LAST-EXTERNAL
2022-05-09 15:55:00,84.889999,85.607902,84.650001,85.154998,408481.0,SQ.NYSE-5-MINUTE-LAST-EXTERNAL
2022-05-09 19:55:00,82.949996,84.099998,82.940002,83.849998,1111903.0,SQ.NYSE-5-MINUTE-LAST-EXTERNAL
2022-05-10 15:55:00,82.150001,82.489997,81.120101,82.169898,273661.0,SQ.NYSE-5-MINUTE-LAST-EXTERNAL
2022-05-10 19:55:00,84.739997,84.739997,84.139999,84.389999,645871.0,SQ.NYSE-5-MINUTE-LAST-EXTERNAL
2022-05-11 15:55:00,76.881202,76.915,76.169998,76.849998,511750.0,SQ.NYSE-5-MINUTE-LAST-EXTERNAL
2022-05-11 19:55:00,71.315002,71.709999,71.139999,71.220001,1338128.0,SQ.NYSE-5-MINUTE-LAST-EXTERNAL
2022-05-12 15:55:00,73.879997,74.012001,73.279998,73.510002,345312.0,SQ.NYSE-5-MINUTE-LAST-EXTERNAL
2022-05-12 19:55:00,75.4113,76.050003,75.014999,75.75,837042.0,SQ.NYSE-5-MINUTE-LAST-EXTERNAL
2022-05-13 15:55:00,83.699996,83.730003,83.120002,83.510002,224418.0,SQ.NYSE-5-MINUTE-LAST-EXTERNAL
2022-05-13 19:55:00,83.809997,84.309997,83.809997,84.18,773549.0,SQ.NYSE-5-MINUTE-LAST-EXTERNAL
2022-05-16 15:55:00,82.279998,83.339996,82.050003,82.349998,172177.0,SQ.NYSE-5-MINUTE-LAST-EXTERNAL
2022-05-16 19:55:00,79.879997,80.004997,79.309997,79.724998,750619.0,SQ.NYSE-5-MINUTE-LAST-EXTERNAL
2022-05-17 15:55:00,82.440002,82.589996,82.080001,82.150001,201637.0,SQ.NYSE-5-MINUTE-LAST-EXTERNAL
2022-05-17 19:55:00,84.809997,84.980003,84.529998,84.79,732138.0,SQ.NYSE-5-MINUTE-LAST-EXTERNAL
2022-05-18 15:55:00,83.614997,83.830001,83.300003,83.559997,175531.0,SQ.NYSE-5-MINUTE-LAST-EXTERNAL
2022-05-18 19:55:00,81.739997,82.190002,81.721,82.089996,657987.0,SQ.NYSE-5-MINUTE-LAST-EXTERNAL
2022-05-19 15:55:00,89.04,89.800003,88.819999,89.675003,258300.0,SQ.NYSE-5-MINUTE-LAST-EXTERNAL
2022-05-19 19:55:00,87.495002,87.650001,87.099998,87.150001,796603.0,SQ.NYSE-5-MINUTE-LAST-EXTERNAL
2022-05-20 15:55:00,83.754997,83.919998,83.441398,83.650001,175267.0,SQ.NYSE-5-MINUTE-LAST-EXTERNAL
2022-05-20 19:55:00,83.160003,83.559997,82.971496,83.400001,715759.0,SQ.NYSE-5-MINUTE-LAST-EXTERNAL
2022-05-23 15:55:00,83.089996,83.370002,82.730003,82.86,197774.0,SQ.NYSE-5-MINUTE-LAST-EXTERNAL
2022-05-23 19:55:00,83.04,83.5,82.949996,83.419998,484941.0,SQ.NYSE-5-MINUTE-LAST-EXTERNAL
2022-05-24 15:55:00,77.970001,78.019996,77.595001,77.599998,147558.0,SQ.NYSE-5-MINUTE-LAST-EXTERNAL
2022-05-24 19:55:00,75.690002,75.959999,75.559997,75.875,757801.0,SQ.NYSE-5-MINUTE-LAST-EXTERNAL
2022-05-25 15:55:00,76.089996,76.346603,76.020103,76.050003,114307.0,SQ.NYSE-5-MINUTE-LAST-EXTERNAL
2022-05-25 19:55:00,77.709999,78.0,77.660003,77.940002,462584.0,SQ.NYSE-5-MINUTE-LAST-EXTERNAL
2022-05-26 15:55:00,81.239997,81.54,81.154998,81.379997,148033.0,SQ.NYSE-5-MINUTE-LAST-EXTERNAL
2022-05-26 19:55:00,83.529998,83.669998,83.370002,83.419998,489410.0,SQ.NYSE-5-MINUTE-LAST-EXTERNAL
2022-05-27 15:55:00,89.533401,89.669898,89.230003,89.54,164070.0,SQ.NYSE-5-MINUTE-LAST-EXTERNAL
2022-05-27 19:55:00,90.224998,90.54,90.144996,90.529998,521356.0,SQ.NYSE-5-MINUTE-LAST-EXTERNAL
2022-05-31 15:55:00,90.25,90.370002,89.75,90.099998,255683.0,SQ.NYSE-5-MINUTE-LAST-EXTERNAL
2022-05-31 19:55:00,87.129997,87.589996,87.129997,87.5,934412.0,SQ.NYSE-5-MINUTE-LAST-EXTERNAL
2022-06-01 15:55:00,82.718101,82.870002,82.199996,82.279998,209938.0,SQ.NYSE-5-MINUTE-LAST-EXTERNAL
2022-06-01 19:55:00,81.970001,82.139999,81.769996,81.910003,703964.0,SQ.NYSE-5-MINUTE-LAST-EXTERNAL
2022-06-02 15:55:00,86.54,86.549896,86.050003,86.260002,154224.0,SQ.NYSE-5-MINUTE-LAST-EXTERNAL
2022-06-02 19:55:00,86.989997,87.510002,86.900001,87.459999,632477.0,SQ.NYSE-5-MINUTE-LAST-EXTERNAL
2022-06-03 15:55:00,83.449996,83.919998,83.449996,83.735,184049.0,SQ.NYSE-5-MINUTE-LAST-EXTERNAL
2022-06-03 19:55:00,83.169998,83.319999,83.019996,83.080001,552189.0,SQ.NYSE-5-MINUTE-LAST-EXTERNAL
2022-06-06 15:55:00,85.230003,85.719902,85.169998,85.595802,131106.0,SQ.NYSE-5-MINUTE-LAST-EXTERNAL
2022-06-06 19:55:00,83.370002,83.480003,83.224998,83.419998,414781.0,SQ.NYSE-5-MINUTE-LAST-EXTERNAL
2022-06-07 15:55:00,83.665,84.300003,83.629997,84.129997,123403.0,SQ.NYSE-5-MINUTE-LAST-EXTERNAL
2022-06-07 19:55:00,84.800003,84.800003,84.5,84.550003,631607.0,SQ.NYSE-5-MINUTE-LAST-EXTERNAL
2022-06-08 15:55:00,86.349998,86.54,86.11,86.150001,82857.0,SQ.NYSE-5-MINUTE-LAST-EXTERNAL
2022-06-08 19:55:00,84.699996,84.824996,84.599998,84.760002,299087.0,SQ.NYSE-5-MINUTE-LAST-EXTERNAL
2022-06-09 15:55:00,79.709999,80.059997,79.599998,79.949996,158702.0,SQ.NYSE-5-MINUTE-LAST-EXTERNAL
2022-06-09 19:55:00,76.911003,77.004997,76.489997,76.489997,724938.0,SQ.NYSE-5-MINUTE-LAST-EXTERNAL
2022-06-10 15:55:00,70.769996,71.319702,70.720001,71.142501,255026.0,SQ.NYSE-5-MINUTE-LAST-EXTERNAL
2022-06-10 19:55:00,72.04,72.245002,71.800003,71.86,783084.0,SQ.NYSE-5-MINUTE-LAST-EXTERNAL
2022-06-13 15:55:00,64.205001,64.470001,64.130096,64.410003,210304.0,SQ.NYSE-5-MINUTE-LAST-EXTERNAL
2022-06-13 19:55:00,62.729999,62.900001,62.68,62.770099,637932.0,SQ.NYSE-5-MINUTE-LAST-EXTERNAL
2022-06-14 15:55:00,61.779998,61.880001,61.570098,61.709999,162368.0,SQ.NYSE-5-MINUTE-LAST-EXTERNAL
2022-06-14 19:55:00,60.240001,60.36,60.119998,60.330001,695091.0,SQ.NYSE-5-MINUTE-LAST-EXTERNAL
2022-06-15 15:55:00,63.369998,63.529998,63.230701,63.259998,128163.0,SQ.NYSE-5-MINUTE-LAST-EXTERNAL
2022-06-15 19:55:00,62.990001,63.080001,62.869998,62.900001,736456.0,SQ.NYSE-5-MINUTE-LAST-EXTERNAL
2022-06-16 15:55:00,58.310001,58.599998,58.229999,58.580001,216932.0,SQ.NYSE-5-MINUTE-LAST-EXTERNAL
2022-06-16 19:55:00,57.34,57.669998,57.25,57.52,765239.0,SQ.NYSE-5-MINUTE-LAST-EXTERNAL
2022-06-17 15:55:00,57.2915,57.569999,57.209999,57.3455,124971.0,SQ.NYSE-5-MINUTE-LAST-EXTERNAL
2022-06-17 19:55:00,58.470001,58.759899,58.43,58.52,758409.0,SQ.NYSE-5-MINUTE-LAST-EXTERNAL
2022-06-21 15:55:00,61.189998,61.409999,61.150001,61.244998,149167.0,SQ.NYSE-5-MINUTE-LAST-EXTERNAL
2022-06-21 19:55:00,60.830001,60.830001,60.479999,60.479999,700763.0,SQ.NYSE-5-MINUTE-LAST-EXTERNAL
2022-06-22 15:55:00,61.25,61.36,60.959999,60.959999,105610.0,SQ.NYSE-5-MINUTE-LAST-EXTERNAL
2022-06-22 19:55:00,60.830001,60.909999,60.630599,60.650001,437847.0,SQ.NYSE-5-MINUTE-LAST-EXTERNAL
2022-06-23 15:55:00,65.709999,65.79,65.269996,65.285003,203959.0,SQ.NYSE-5-MINUTE-LAST-EXTERNAL
2022-06-23 19:55:00,67.305,67.426498,67.120002,67.25,839370.0,SQ.NYSE-5-MINUTE-LAST-EXTERNAL
2022-06-24 15:55:00,69.199996,69.629997,69.050003,69.620002,143645.0,SQ.NYSE-5-MINUTE-LAST-EXTERNAL
2022-06-24 19:55:00,70.870002,71.010002,70.760002,71.0,835400.0,SQ.NYSE-5-MINUTE-LAST-EXTERNAL
2022-06-27 15:55:00,69.54,69.639999,69.309997,69.519996,99020.0,SQ.NYSE-5-MINUTE-LAST-EXTERNAL
2022-06-27 19:55:00,69.180999,69.449996,69.175003,69.410003,385510.0,SQ.NYSE-5-MINUTE-LAST-EXTERNAL
2022-06-28 15:55:00,66.300003,66.625,66.260002,66.5,107417.0,SQ.NYSE-5-MINUTE-LAST-EXTERNAL
2022-06-28 19:55:00,65.699996,65.739997,65.470001,65.589996,443111.0,SQ.NYSE-5-MINUTE-LAST-EXTERNAL
2022-06-29 15:55:00,64.260002,64.269996,63.939998,64.120002,109660.0,SQ.NYSE-5-MINUTE-LAST-EXTERNAL
2022-06-29 19:55:00,63.599998,63.93,63.595001,63.84,438599.0,SQ.NYSE-5-MINUTE-LAST-EXTERNAL
2022-06-30 15:55:00,61.43,61.689998,61.3101,61.630001,106184.0,SQ.NYSE-5-MINUTE-LAST-EXTERNAL
2022-06-30 19:55:00,61.169998,61.529998,61.029998,61.490001,485292.0,SQ.NYSE-5-MINUTE-LAST-EXTERNAL
2022-07-01 15:55:00,62.7,63.069999,62.639999,63.04,130736.0,SQ.NYSE-5-MINUTE-LAST-EXTERNAL
2022-07-01 19:55:00,63.830001,63.919998,63.77,63.84,462818.0,SQ.NYSE-5-MINUTE-LAST-EXTERNAL
2022-07-05 15:55:00,64.79,64.79,64.559997,64.580001,82603.0,SQ.NYSE-5-MINUTE-LAST-EXTERNAL
2022-07-05 19:55:00,66.819999,66.910003,66.61,66.739997,485838.0,SQ.NYSE-5-MINUTE-LAST-EXTERNAL
2022-07-06 15:55:00,64.529998,64.79,64.470001,64.620002,95729.0,SQ.NYSE-5-MINUTE-LAST-EXTERNAL
2022-07-06 19:55:00,64.940002,65.120002,64.940002,64.980003,325530.0,SQ.NYSE-5-MINUTE-LAST-EXTERNAL
2022-07-07 15:55:00,67.739997,68.092399,67.739997,68.069999,95627.0,SQ.NYSE-5-MINUTE-LAST-EXTERNAL
2022-07-07 19:55:00,68.529998,68.849998,68.480003,68.599998,610248.0,SQ.NYSE-5-MINUTE-LAST-EXTERNAL
2022-07-08 15:55:00,68.120002,68.264999,68.029998,68.220001,85268.0,SQ.NYSE-5-MINUTE-LAST-EXTERNAL
2022-07-08 19:55:00,67.099998,67.220001,66.940002,67.014999,469945.0,SQ.NYSE-5-MINUTE-LAST-EXTERNAL
2022-07-11 15:55:00,63.77,63.925098,63.740001,63.7999,65517.0,SQ.NYSE-5-MINUTE-LAST-EXTERNAL
2022-07-11 19:55:00,63.169998,63.330001,63.169998,63.240001,331118.0,SQ.NYSE-5-MINUTE-LAST-EXTERNAL
2022-07-12 15:55:00,65.093597,65.29,64.980003,65.2173,106428.0,SQ.NYSE-5-MINUTE-LAST-EXTERNAL
2022-07-12 19:55:00,65.010002,65.235,64.940002,64.980003,415429.0,SQ.NYSE-5-MINUTE-LAST-EXTERNAL
2022-07-13 15:55:00,64.080001,64.145301,63.919998,63.979999,69770.0,SQ.NYSE-5-MINUTE-LAST-EXTERNAL
2022-07-13 19:55:00,64.25,64.315002,64.11,64.139999,347820.0,SQ.NYSE-5-MINUTE-LAST-EXTERNAL
2022-07-14 15:55:00,62.86,63.080299,62.7,63.080001,100409.0,SQ.NYSE-5-MINUTE-LAST-EXTERNAL
2022-07-14 19:55:00,62.470001,62.54,62.36,62.409999,416587.0,SQ.NYSE-5-MINUTE-LAST-EXTERNAL
2022-07-15 15:55:00,64.010002,64.230003,63.95,64.129997,95616.0,SQ.NYSE-5-MINUTE-LAST-EXTERNAL
2022-07-15 19:55:00,65.650001,66.04,65.650001,65.940002,472648.0,SQ.NYSE-5-MINUTE-LAST-EXTERNAL
2022-07-18 15:55:00,68.68,68.93,68.6063,68.910003,99878.0,SQ.NYSE-5-MINUTE-LAST-EXTERNAL
2022-07-18 19:55:00,66.169998,66.379798,66.04,66.279998,425642.0,SQ.NYSE-5-MINUTE-LAST-EXTERNAL
2022-07-19 15:55:00,67.989997,68.139999,67.930099,68.125,101488.0,SQ.NYSE-5-MINUTE-LAST-EXTERNAL
2022-07-19 19:55:00,69.029998,69.300003,69.019996,69.25,537223.0,SQ.NYSE-5-MINUTE-LAST-EXTERNAL
2022-07-20 15:55:00,74.300003,74.579803,74.107398,74.275001,217349.0,SQ.NYSE-5-MINUTE-LAST-EXTERNAL
2022-07-20 19:55:00,74.669998,74.830001,74.660003,74.760002,420850.0,SQ.NYSE-5-MINUTE-LAST-EXTERNAL
2022-07-21 15:55:00,73.720001,74.11,73.709999,74.010101,85932.0,SQ.NYSE-5-MINUTE-LAST-EXTERNAL
2022-07-21 19:55:00,74.669998,74.769996,74.599998,74.75,593484.0,SQ.NYSE-5-MINUTE-LAST-EXTERNAL
2022-07-22 15:55:00,71.915,71.940002,71.699996,71.910003,96557.0,SQ.NYSE-5-MINUTE-LAST-EXTERNAL
2022-07-22 19:55:00,71.720001,71.800003,71.620002,71.793296,321922.0,SQ.NYSE-5-MINUTE-LAST-EXTERNAL
2022-07-25 15:55:00,71.339996,71.43,71.209999,71.29,93813.0,SQ.NYSE-5-MINUTE-LAST-EXTERNAL
2022-07-25 19:55:00,71.239997,71.440002,71.209999,71.419998,323280.0,SQ.NYSE-5-MINUTE-LAST-EXTERNAL
2022-07-26 15:55:00,66.75,66.849998,66.599998,66.635002,84008.0,SQ.NYSE-5-MINUTE-LAST-EXTERNAL
2022-07-26 19:55:00,66.410003,66.440002,66.239997,66.379997,417050.0,SQ.NYSE-5-MINUTE-LAST-EXTERNAL
2022-07-27 15:55:00,70.049797,70.219398,70.04,70.105003,88590.0,SQ.NYSE-5-MINUTE-LAST-EXTERNAL
2022-07-27 19:55:00,72.690002,72.779998,72.580001,72.739997,571406.0,SQ.NYSE-5-MINUTE-LAST-EXTERNAL
2022-07-28 15:55:00,73.875396,73.949996,73.570297,73.571296,139489.0,SQ.NYSE-5-MINUTE-LAST-EXTERNAL
2022-07-28 19:55:00,74.730003,74.830001,74.629997,74.644996,370586.0,SQ.NYSE-5-MINUTE-LAST-EXTERNAL
2022-07-29 15:55:00,73.949996,73.970001,73.68,73.793701,79729.0,SQ.NYSE-5-MINUTE-LAST-EXTERNAL
2022-07-29 19:55:00,75.815002,76.089996,75.800003,76.050003,835019.0,SQ.NYSE-5-MINUTE-LAST-EXTERNAL
2022-08-01 15:55:00,78.86,79.050003,78.710098,78.800003,177859.0,SQ.NYSE-5-MINUTE-LAST-EXTERNAL
2022-08-01 19:55:00,77.639999,77.940002,77.630096,77.769996,671768.0,SQ.NYSE-5-MINUTE-LAST-EXTERNAL
2022-08-02 15:55:00,79.239997,79.269996,78.949996,79.084999,124378.0,SQ.NYSE-5-MINUTE-LAST-EXTERNAL
2022-08-02 19:55:00,79.239997,79.309997,79.014999,79.080001,513240.0,SQ.NYSE-5-MINUTE-LAST-EXTERNAL
2022-08-03 15:55:00,86.709999,86.889999,86.61,86.6324,239573.0,SQ.NYSE-5-MINUTE-LAST-EXTERNAL
2022-08-03 19:55:00,88.349998,88.349998,87.800003,87.985,894667.0,SQ.NYSE-5-MINUTE-LAST-EXTERNAL
2022-08-04 15:55:00,88.900001,88.970001,88.650001,88.654998,107920.0,SQ.NYSE-5-MINUTE-LAST-EXTERNAL
2022-08-04 19:55:00,89.93,89.980003,89.510002,89.889999,938760.0,SQ.NYSE-5-MINUTE-LAST-EXTERNAL
2022-08-05 15:55:00,88.220001,88.459999,88.130096,88.315002,134065.0,SQ.NYSE-5-MINUTE-LAST-EXTERNAL
2022-08-05 19:55:00,87.819999,87.989997,87.629997,87.699996,770798.0,SQ.NYSE-5-MINUTE-LAST-EXTERNAL
2022-08-08 15:55:00,88.336502,88.369796,87.93,88.269996,169833.0,SQ.NYSE-5-MINUTE-LAST-EXTERNAL
2022-08-08 19:55:00,85.440002,85.720001,85.410003,85.510002,841468.0,SQ.NYSE-5-MINUTE-LAST-EXTERNAL
2022-08-09 15:55:00,81.419998,81.550003,81.077003,81.099899,109744.0,SQ.NYSE-5-MINUTE-LAST-EXTERNAL
2022-08-09 19:55:00,81.120002,81.165,80.940002,81.11,463993.0,SQ.NYSE-5-MINUTE-LAST-EXTERNAL
2022-08-10 15:55:00,88.519897,88.650001,88.349998,88.639999,73708.0,SQ.NYSE-5-MINUTE-LAST-EXTERNAL
2022-08-10 19:55:00,88.889999,89.029998,88.739997,88.86,592983.0,SQ.NYSE-5-MINUTE-LAST-EXTERNAL
2022-08-11 15:55:00,87.620002,88.021598,87.489997,87.904998,115257.0,SQ.NYSE-5-MINUTE-LAST-EXTERNAL
2022-08-11 19:55:00,86.330001,86.419998,85.889999,85.949996,535170.0,SQ.NYSE-5-MINUTE-LAST-EXTERNAL
2022-08-12 15:55:00,85.669998,85.779998,85.440002,85.529899,84329.0,SQ.NYSE-5-MINUTE-LAST-EXTERNAL
2022-08-12 19:55:00,87.964996,88.0,87.839996,87.949996,327542.0,SQ.NYSE-5-MINUTE-LAST-EXTERNAL
2022-08-15 15:55:00,87.440002,87.485,87.050697,87.239997,74456.0,SQ.NYSE-5-MINUTE-LAST-EXTERNAL
2022-08-15 19:55:00,86.809997,87.010002,86.589996,86.730003,454861.0,SQ.NYSE-5-MINUTE-LAST-EXTERNAL
2022-08-16 15:55:00,85.569999,85.720001,85.4337,85.660003,81389.0,SQ.NYSE-5-MINUTE-LAST-EXTERNAL
2022-08-16 19:55:00,86.029998,86.069999,85.830001,85.900001,285035.0,SQ.NYSE-5-MINUTE-LAST-EXTERNAL
2022-08-17 15:55:00,80.339996,80.660003,80.330001,80.510002,226748.0,SQ.NYSE-5-MINUTE-LAST-EXTERNAL
2022-08-17 19:55:00,80.319999,80.459999,80.269996,80.36,465853.0,SQ.NYSE-5-MINUTE-LAST-EXTERNAL
2022-08-18 15:55:00,80.239997,80.440002,80.080001,80.180397,125557.0,SQ.NYSE-5-MINUTE-LAST-EXTERNAL
2022-08-18 19:55:00,79.800003,79.910003,79.620101,79.720001,300328.0,SQ.NYSE-5-MINUTE-LAST-EXTERNAL
2022-08-19 15:55:00,75.074996,75.099998,74.800003,74.813598,103815.0,SQ.NYSE-5-MINUTE-LAST-EXTERNAL
2022-08-19 19:55:00,74.449996,74.480003,74.29,74.349998,476267.0,SQ.NYSE-5-MINUTE-LAST-EXTERNAL
2022-08-22 15:55:00,73.269996,73.480003,73.239997,73.3899,134947.0,SQ.NYSE-5-MINUTE-LAST-EXTERNAL
2022-08-22 19:55:00,73.019996,73.089996,72.830001,72.989997,438900.0,SQ.NYSE-5-MINUTE-LAST-EXTERNAL
2022-08-23 15:55:00,71.419998,71.550003,71.239997,71.36,109110.0,SQ.NYSE-5-MINUTE-LAST-EXTERNAL
2022-08-23 19:55:00,70.970001,71.082496,70.849998,70.870002,451442.0,SQ.NYSE-5-MINUTE-LAST-EXTERNAL
2022-08-24 15:55:00,74.1249,74.239997,74.050003,74.129997,79519.0,SQ.NYSE-5-MINUTE-LAST-EXTERNAL
2022-08-24 19:55:00,72.599998,72.690002,72.519996,72.639999,349794.0,SQ.NYSE-5-MINUTE-LAST-EXTERNAL
2022-08-25 15:55:00,73.256797,73.480003,73.059997,73.43,95157.0,SQ.NYSE-5-MINUTE-LAST-EXTERNAL
2022-08-25 19:55:00,74.569999,74.660003,74.440002,74.639999,347163.0,SQ.NYSE-5-MINUTE-LAST-EXTERNAL
2022-08-26 15:55:00,69.910003,69.910003,69.550003,69.577499,128319.0,SQ.NYSE-5-MINUTE-LAST-EXTERNAL
2022-08-26 19:55:00,69.084999,69.190002,68.839996,68.849998,552445.0,SQ.NYSE-5-MINUTE-LAST-EXTERNAL
2022-08-29 15:55:00,67.949996,68.220001,67.93,68.184997,68718.0,SQ.NYSE-5-MINUTE-LAST-EXTERNAL
2022-08-29 19:55:00,67.940002,67.964996,67.720001,67.739997,378439.0,SQ.NYSE-5-MINUTE-LAST-EXTERNAL
2022-08-30 15:55:00,67.709999,67.879997,67.589996,67.61,100463.0,SQ.NYSE-5-MINUTE-LAST-EXTERNAL
2022-08-30 19:55:00,68.839996,69.160003,68.819999,69.019996,469408.0,SQ.NYSE-5-MINUTE-LAST-EXTERNAL
2022-08-31 15:55:00,69.361503,69.699996,69.361503,69.589996,99407.0,SQ.NYSE-5-MINUTE-LAST-EXTERNAL
2022-08-31 19:55:00,69.279998,69.334999,68.839996,68.885002,387194.0,SQ.NYSE-5-MINUTE-LAST-EXTERNAL
2022-09-01 15:55:00,65.660003,65.709999,65.370002,65.480003,145600.0,SQ.NYSE-5-MINUTE-LAST-EXTERNAL
2022-09-01 19:55:00,68.519897,68.785003,68.459999,68.745002,579107.0,SQ.NYSE-5-MINUTE-LAST-EXTERNAL
2022-09-02 15:55:00,68.11,68.120002,67.910003,67.985,61191.0,SQ.NYSE-5-MINUTE-LAST-EXTERNAL
2022-09-02 19:55:00,66.54,66.644996,66.230003,66.302696,484511.0,SQ.NYSE-5-MINUTE-LAST-EXTERNAL
2022-09-06 15:55:00,66.190002,66.379997,66.139999,66.183097,105842.0,SQ.NYSE-5-MINUTE-LAST-EXTERNAL
2022-09-06 19:55:00,65.209999,65.36,65.080001,65.339996,528102.0,SQ.NYSE-5-MINUTE-LAST-EXTERNAL
2022-09-07 15:55:00,66.36,66.410003,66.150001,66.150001,71183.0,SQ.NYSE-5-MINUTE-LAST-EXTERNAL
2022-09-07 19:55:00,67.919998,67.919998,67.745002,67.809997,433286.0,SQ.NYSE-5-MINUTE-LAST-EXTERNAL
2022-09-08 15:55:00,69.150001,69.201499,68.940498,68.960403,48697.0,SQ.NYSE-5-MINUTE-LAST-EXTERNAL
2022-09-08 19:55:00,70.370002,70.629997,70.300003,70.61,433523.0,SQ.NYSE-5-MINUTE-LAST-EXTERNAL
2022-09-09 15:55:00,72.809997,73.099998,72.760002,73.004997,80035.0,SQ.NYSE-5-MINUTE-LAST-EXTERNAL
2022-09-09 19:55:00,74.584999,74.599998,74.29,74.36,616917.0,SQ.NYSE-5-MINUTE-LAST-EXTERNAL
2022-09-12 15:55:00,74.370002,74.393997,74.099998,74.209999,142237.0,SQ.NYSE-5-MINUTE-LAST-EXTERNAL
2022-09-12 19:55:00,75.209999,75.36,75.120002,75.25,433372.0,SQ.NYSE-5-MINUTE-LAST-EXTERNAL
2022-09-13 15:55:00,70.315002,70.349998,70.18,70.25,78094.0,SQ.NYSE-5-MINUTE-LAST-EXTERNAL
2022-09-13 19:55:00,69.650001,69.815002,69.480003,69.61,522291.0,SQ.NYSE-5-MINUTE-LAST-EXTERNAL
2022-09-14 15:55:00,67.43,67.43,67.160003,67.163696,118403.0,SQ.NYSE-5-MINUTE-LAST-EXTERNAL
2022-09-14 19:55:00,68.620002,68.709999,68.459999,68.550003,529013.0,SQ.NYSE-5-MINUTE-LAST-EXTERNAL
2022-09-15 15:55:00,69.690902,69.848396,69.569999,69.779998,111007.0,SQ.NYSE-5-MINUTE-LAST-EXTERNAL
2022-09-15 19:55:00,69.349998,69.43,69.18,69.230003,583922.0,SQ.NYSE-5-MINUTE-LAST-EXTERNAL
2022-09-16 15:55:00,65.735,65.86,65.589996,65.769996,89911.0,SQ.NYSE-5-MINUTE-LAST-EXTERNAL
2022-09-16 19:55:00,65.050003,65.125,64.779998,64.970001,1012958.0,SQ.NYSE-5-MINUTE-LAST-EXTERNAL
2022-09-19 15:55:00,63.490001,63.555,63.25,63.380001,65670.0,SQ.NYSE-5-MINUTE-LAST-EXTERNAL
2022-09-19 19:55:00,63.900001,63.915,63.61,63.740001,708345.0,SQ.NYSE-5-MINUTE-LAST-EXTERNAL
2022-09-20 15:55:00,62.919998,63.115001,62.919998,63.04,92521.0,SQ.NYSE-5-MINUTE-LAST-EXTERNAL
2022-09-20 19:55:00,61.580001,61.59,61.409999,61.5,587839.0,SQ.NYSE-5-MINUTE-LAST-EXTERNAL
2022-09-21 15:55:00,61.75,61.93,61.722499,61.889999,89295.0,SQ.NYSE-5-MINUTE-LAST-EXTERNAL
2022-09-21 19:55:00,59.86,59.875,59.509998,59.52,666291.0,SQ.NYSE-5-MINUTE-LAST-EXTERNAL
2022-09-22 15:55:00,55.932701,56.069999,55.634998,55.720001,215241.0,SQ.NYSE-5-MINUTE-LAST-EXTERNAL
2022-09-22 19:55:00,56.189998,56.25,55.880001,55.93,729548.0,SQ.NYSE-5-MINUTE-LAST-EXTERNAL
2022-09-23 15:55:00,55.79,55.79,55.595001,55.669998,103723.0,SQ.NYSE-5-MINUTE-LAST-EXTERNAL
2022-09-23 19:55:00,56.09,56.299999,55.93,56.29,574403.0,SQ.NYSE-5-MINUTE-LAST-EXTERNAL
2022-09-26 15:55:00,55.299999,55.459999,55.267299,55.330001,94390.0,SQ.NYSE-5-MINUTE-LAST-EXTERNAL
2022-09-26 19:55:00,54.619998,54.619998,54.130001,54.139999,490441.0,SQ.NYSE-5-MINUTE-LAST-EXTERNAL
2022-09-27 15:55:00,54.810001,54.939998,54.7527,54.828498,109426.0,SQ.NYSE-5-MINUTE-LAST-EXTERNAL
2022-09-27 19:55:00,55.029998,55.139999,54.891201,55.080001,577650.0,SQ.NYSE-5-MINUTE-LAST-EXTERNAL
2022-09-28 15:55:00,56.959999,57.09,56.959999,57.049999,141804.0,SQ.NYSE-5-MINUTE-LAST-EXTERNAL
2022-09-28 19:55:00,59.09,59.240001,58.990001,59.049999,661864.0,SQ.NYSE-5-MINUTE-LAST-EXTERNAL
2022-09-29 15:55:00,56.75,56.900001,56.715,56.8008,126573.0,SQ.NYSE-5-MINUTE-LAST-EXTERNAL
2022-09-29 19:55:00,55.939998,56.09,55.849998,55.93,656049.0,SQ.NYSE-5-MINUTE-LAST-EXTERNAL
2022-09-30 15:55:00,56.720001,56.9099,56.659999,56.819999,151049.0,SQ.NYSE-5-MINUTE-LAST-EXTERNAL
2022-09-30 19:55:00,55.009998,55.080001,54.889999,55.009998,720413.0,SQ.NYSE-5-MINUTE-LAST-EXTERNAL
2022-10-03 15:55:00,54.36,54.380001,54.119998,54.330001,211178.0,SQ.NYSE-5-MINUTE-LAST-EXTERNAL
2022-10-03 19:55:00,55.865001,55.865001,55.7,55.759998,608908.0,SQ.NYSE-5-MINUTE-LAST-EXTERNAL
2022-10-04 15:55:00,62.799999,62.859001,62.7,62.859001,137956.0,SQ.NYSE-5-MINUTE-LAST-EXTERNAL
2022-10-04 19:55:00,62.189998,62.435001,62.18,62.400001,821665.0,SQ.NYSE-5-MINUTE-LAST-EXTERNAL
2022-10-05 15:55:00,60.939998,61.119998,60.939998,61.119998,86014.0,SQ.NYSE-5-MINUTE-LAST-EXTERNAL
2022-10-05 19:55:00,62.099998,62.238098,62.060001,62.150001,395908.0,SQ.NYSE-5-MINUTE-LAST-EXTERNAL
2022-10-06 15:55:00,62.310001,62.36,61.784999,61.819999,135507.0,SQ.NYSE-5-MINUTE-LAST-EXTERNAL
2022-10-06 19:55:00,61.805,61.974998,61.799999,61.889999,389462.0,SQ.NYSE-5-MINUTE-LAST-EXTERNAL
2022-10-07 15:55:00,58.834999,58.984001,58.810001,58.943801,32900.0,SQ.NYSE-5-MINUTE-LAST-EXTERNAL
2022-10-07 19:55:00,57.419998,57.575,57.389999,57.400001,456435.0,SQ.NYSE-5-MINUTE-LAST-EXTERNAL
2022-10-10 15:55:00,56.709999,56.844001,56.630001,56.639999,55899.0,SQ.NYSE-5-MINUTE-LAST-EXTERNAL
2022-10-10 19:55:00,56.819999,56.819999,56.569999,56.619998,400100.0,SQ.NYSE-5-MINUTE-LAST-EXTERNAL
2022-10-11 15:55:00,55.6105,55.639999,55.481399,55.555999,123692.0,SQ.NYSE-5-MINUTE-LAST-EXTERNAL
2022-10-11 19:55:00,53.75,53.998699,53.439998,53.459999,1036613.0,SQ.NYSE-5-MINUTE-LAST-EXTERNAL
2022-10-12 15:55:00,54.750099,54.84,54.650299,54.810001,100847.0,SQ.NYSE-5-MINUTE-LAST-EXTERNAL
2022-10-12 19:55:00,56.395,56.400001,56.099998,56.11,625929.0,SQ.NYSE-5-MINUTE-LAST-EXTERNAL
2022-10-13 15:55:00,55.7,55.809898,55.479999,55.549999,103773.0,SQ.NYSE-5-MINUTE-LAST-EXTERNAL
2022-10-13 19:55:00,56.229999,56.319999,56.139999,56.25,545938.0,SQ.NYSE-5-MINUTE-LAST-EXTERNAL
2022-10-14 15:55:00,53.3311,53.354999,53.18,53.189899,153775.0,SQ.NYSE-5-MINUTE-LAST-EXTERNAL
2022-10-14 19:55:00,51.729999,51.779998,51.45,51.59,907592.0,SQ.NYSE-5-MINUTE-LAST-EXTERNAL
2022-10-17 15:55:00,56.720001,56.720001,56.470001,56.479999,201647.0,SQ.NYSE-5-MINUTE-LAST-EXTERNAL
2022-10-17 19:55:00,56.049999,56.049999,55.814998,55.939998,554886.0,SQ.NYSE-5-MINUTE-LAST-EXTERNAL
2022-10-18 15:55:00,56.202598,56.439998,56.049999,56.419998,118901.0,SQ.NYSE-5-MINUTE-LAST-EXTERNAL
2022-10-18 19:55:00,57.159999,57.34,57.02,57.299999,402269.0,SQ.NYSE-5-MINUTE-LAST-EXTERNAL
2022-10-19 15:55:00,55.505001,55.544998,55.259998,55.259998,79740.0,SQ.NYSE-5-MINUTE-LAST-EXTERNAL
2022-10-19 19:55:00,53.990001,54.02,53.849998,54.0,495314.0,SQ.NYSE-5-MINUTE-LAST-EXTERNAL
2022-10-20 15:55:00,57.459999,57.59,57.1818,57.209999,119754.0,SQ.NYSE-5-MINUTE-LAST-EXTERNAL
2022-10-20 19:55:00,55.185001,55.279998,55.130001,55.169998,470236.0,SQ.NYSE-5-MINUTE-LAST-EXTERNAL
2022-10-21 15:55:00,53.84,53.95,53.7,53.889999,95206.0,SQ.NYSE-5-MINUTE-LAST-EXTERNAL
2022-10-21 19:55:00,56.2,56.2,55.93,56.02,721862.0,SQ.NYSE-5-MINUTE-LAST-EXTERNAL
2022-10-24 15:55:00,56.369998,56.509101,56.34,56.455001,110136.0,SQ.NYSE-5-MINUTE-LAST-EXTERNAL
2022-10-24 19:55:00,57.02,57.11,56.959999,57.02,431936.0,SQ.NYSE-5-MINUTE-LAST-EXTERNAL
2022-10-25 15:55:00,59.970001,59.970001,59.650001,59.68,115125.0,SQ.NYSE-5-MINUTE-LAST-EXTERNAL
2022-10-25 19:55:00,59.830001,59.84,59.52,59.659999,858363.0,SQ.NYSE-5-MINUTE-LAST-EXTERNAL
2022-10-26 15:55:00,62.014999,62.139999,61.77,61.869998,180199.0,SQ.NYSE-5-MINUTE-LAST-EXTERNAL
2022-10-26 19:55:00,59.740001,59.75,59.36,59.439998,337819.0,SQ.NYSE-5-MINUTE-LAST-EXTERNAL
2022-10-27 15:55:00,60.330001,60.34,60.015499,60.04,87942.0,SQ.NYSE-5-MINUTE-LAST-EXTERNAL
2022-10-27 19:55:00,60.569999,60.569999,60.2,60.229999,428968.0,SQ.NYSE-5-MINUTE-LAST-EXTERNAL
2022-10-28 15:55:00,60.18,60.209999,59.970001,60.009998,56763.0,SQ.NYSE-5-MINUTE-LAST-EXTERNAL
2022-10-28 19:55:00,61.229999,61.279998,61.130001,61.209999,518420.0,SQ.NYSE-5-MINUTE-LAST-EXTERNAL
2022-10-31 15:55:00,61.179901,61.229999,60.639999,60.86,123109.0,SQ.NYSE-5-MINUTE-LAST-EXTERNAL
2022-10-31 19:55:00,60.310001,60.314998,60.060001,60.09,509465.0,SQ.NYSE-5-MINUTE-LAST-EXTERNAL
2022-11-01 15:55:00,59.080001,59.400001,59.0242,59.386199,89001.0,SQ.NYSE-5-MINUTE-LAST-EXTERNAL
2022-11-01 19:55:00,59.049999,59.080001,58.889999,59.0,621886.0,SQ.NYSE-5-MINUTE-LAST-EXTERNAL
2022-11-02 15:55:00,56.869998,56.939998,56.560001,56.625,214535.0,SQ.NYSE-5-MINUTE-LAST-EXTERNAL
2022-11-02 19:55:00,54.580001,54.776901,54.525001,54.639999,593584.0,SQ.NYSE-5-MINUTE-LAST-EXTERNAL
2022-11-03 15:55:00,53.849998,54.02,53.759998,53.919998,268242.0,SQ.NYSE-5-MINUTE-LAST-EXTERNAL
2022-11-03 19:55:00,53.775001,54.259998,53.669998,53.900001,1068167.0,SQ.NYSE-5-MINUTE-LAST-EXTERNAL
2022-11-04 15:55:00,61.485,61.490001,60.189998,60.279998,544735.0,SQ.NYSE-5-MINUTE-LAST-EXTERNAL
2022-11-04 19:55:00,60.310001,60.409999,59.979999,60.031101,1465341.0,SQ.NYSE-5-MINUTE-LAST-EXTERNAL
2022-11-07 15:55:00,63.29,63.349998,62.990001,63.150001,158374.0,SQ.NYSE-5-MINUTE-LAST-EXTERNAL
2022-11-07 19:55:00,64.190002,64.29,64.0,64.105003,375728.0,SQ.NYSE-5-MINUTE-LAST-EXTERNAL
2022-11-07 21:00:00,62.669998,62.669998,62.669998,62.669998,1238737.0,SQ.NYSE-5-MINUTE-LAST-EXTERNAL
2022-11-08 15:55:00,63.009998,63.240001,63.009998,63.084999,153276.0,SQ.NYSE-5-MINUTE-LAST-EXTERNAL
2022-11-08 19:55:00,60.900001,61.060001,60.68,60.759998,233924.0,SQ.NYSE-5-MINUTE-LAST-EXTERNAL
2022-11-08 21:00:00,62.509998,62.509998,62.509998,62.509998,666904.0,SQ.NYSE-5-MINUTE-LAST-EXTERNAL
2022-11-09 15:55:00,57.465,57.7,57.279998,57.599998,243341.0,SQ.NYSE-5-MINUTE-LAST-EXTERNAL
2022-11-09 19:55:00,57.409999,57.5499,57.36,57.529998,81585.0,SQ.NYSE-5-MINUTE-LAST-EXTERNAL
2022-11-09 21:00:00,57.209999,57.209999,57.209999,57.209999,769705.0,SQ.NYSE-5-MINUTE-LAST-EXTERNAL
2022-11-10 15:55:00,66.544998,66.769996,66.370002,66.739997,192109.0,SQ.NYSE-5-MINUTE-LAST-EXTERNAL
2022-11-10 19:55:00,66.239997,66.279998,66.139999,66.239997,131157.0,SQ.NYSE-5-MINUTE-LAST-EXTERNAL
2022-11-10 21:00:00,67.400001,67.400001,67.400001,67.400001,846320.0,SQ.NYSE-5-MINUTE-LAST-EXTERNAL
2022-11-11 15:55:00,70.320198,70.419898,70.069999,70.36,171557.0,SQ.NYSE-5-MINUTE-LAST-EXTERNAL
2022-11-11 19:55:00,72.199996,72.269996,71.970001,72.245002,145372.0,SQ.NYSE-5-MINUTE-LAST-EXTERNAL
2022-11-11 21:00:00,71.660003,71.660003,71.660003,71.660003,635265.0,SQ.NYSE-5-MINUTE-LAST-EXTERNAL
2022-11-14 15:55:00,70.769798,70.943298,70.589996,70.639999,89572.0,SQ.NYSE-5-MINUTE-LAST-EXTERNAL
2022-11-14 19:55:00,71.559997,71.769996,71.559997,71.699996,49880.0,SQ.NYSE-5-MINUTE-LAST-EXTERNAL
2022-11-14 21:00:00,70.269996,70.269996,70.269996,70.269996,443234.0,SQ.NYSE-5-MINUTE-LAST-EXTERNAL
2022-11-15 15:55:00,72.959999,73.25,72.809997,72.93,187124.0,SQ.NYSE-5-MINUTE-LAST-EXTERNAL
2022-11-15 19:55:00,73.410003,73.839996,73.364997,73.779998,181168.0,SQ.NYSE-5-MINUTE-LAST-EXTERNAL
2022-11-15 21:00:00,73.379997,73.379997,73.379997,73.379997,487367.0,SQ.NYSE-5-MINUTE-LAST-EXTERNAL
2022-11-16 15:55:00,68.75,69.0,68.614997,68.739997,211850.0,SQ.NYSE-5-MINUTE-LAST-EXTERNAL
2022-11-16 19:55:00,69.209999,69.36,69.199996,69.282302,54926.0,SQ.NYSE-5-MINUTE-LAST-EXTERNAL
2022-11-16 21:00:00,69.550003,69.550003,69.550003,69.550003,362080.0,SQ.NYSE-5-MINUTE-LAST-EXTERNAL
2022-11-17 15:55:00,67.54,67.550003,67.04,67.04,94771.0,SQ.NYSE-5-MINUTE-LAST-EXTERNAL
2022-11-17 19:55:00,67.54,67.690002,67.5,67.529998,52160.0,SQ.NYSE-5-MINUTE-LAST-EXTERNAL
2022-11-17 21:00:00,67.989997,67.989997,67.989997,67.989997,469019.0,SQ.NYSE-5-MINUTE-LAST-EXTERNAL
2022-11-18 15:55:00,66.480003,66.542701,65.839996,66.1399,203186.0,SQ.NYSE-5-MINUTE-LAST-EXTERNAL
2022-11-18 19:55:00,65.459999,65.644996,65.440002,65.580001,105275.0,SQ.NYSE-5-MINUTE-LAST-EXTERNAL
2022-11-18 21:00:00,65.819999,65.819999,65.819999,65.819999,399852.0,SQ.NYSE-5-MINUTE-LAST-EXTERNAL
2022-11-21 15:55:00,62.29,62.5,62.279998,62.380001,184730.0,SQ.NYSE-5-MINUTE-LAST-EXTERNAL
2022-11-21 19:55:00,61.27,61.349899,61.174999,61.220001,80808.0,SQ.NYSE-5-MINUTE-LAST-EXTERNAL
2022-11-21 21:00:00,61.849998,61.849998,61.849998,61.849998,836087.0,SQ.NYSE-5-MINUTE-LAST-EXTERNAL
2022-11-22 15:55:00,62.580001,62.810001,62.529998,62.7583,146761.0,SQ.NYSE-5-MINUTE-LAST-EXTERNAL
2022-11-22 19:55:00,62.109901,62.11,61.900001,61.95,55346.0,SQ.NYSE-5-MINUTE-LAST-EXTERNAL
2022-11-22 21:00:00,62.720001,62.720001,62.720001,62.720001,532869.0,SQ.NYSE-5-MINUTE-LAST-EXTERNAL
2022-11-23 15:55:00,63.849998,64.029998,63.84,63.990001,78094.0,SQ.NYSE-5-MINUTE-LAST-EXTERNAL
2022-11-23 19:55:00,63.762001,63.86,63.740001,63.826599,68124.0,SQ.NYSE-5-MINUTE-LAST-EXTERNAL
2022-11-23 21:00:00,63.919998,63.919998,63.919998,63.919998,307867.0,SQ.NYSE-5-MINUTE-LAST-EXTERNAL
2022-11-25 15:55:00,63.159999,63.305,63.090099,63.170101,75480.0,SQ.NYSE-5-MINUTE-LAST-EXTERNAL
2022-11-25 18:00:00,63.380001,63.459999,63.310001,63.400001,16830.0,SQ.NYSE-5-MINUTE-LAST-EXTERNAL
2022-11-28 15:55:00,62.406101,62.630001,62.349998,62.419998,112576.0,SQ.NYSE-5-MINUTE-LAST-EXTERNAL
2022-11-28 19:55:00,61.805,61.805,61.529998,61.574199,79966.0,SQ.NYSE-5-MINUTE-LAST-EXTERNAL
2022-11-28 21:00:00,61.369998,61.369998,61.369998,61.369998,333274.0,SQ.NYSE-5-MINUTE-LAST-EXTERNAL
2022-11-29 15:55:00,63.276298,63.459999,63.139999,63.174999,95478.0,SQ.NYSE-5-MINUTE-LAST-EXTERNAL
2022-11-29 19:55:00,62.224998,62.330001,62.198398,62.279998,37679.0,SQ.NYSE-5-MINUTE-LAST-EXTERNAL
2022-11-29 21:00:00,62.11,62.11,62.11,62.11,282583.0,SQ.NYSE-5-MINUTE-LAST-EXTERNAL
2022-11-30 15:55:00,63.159999,63.330001,63.150001,63.174999,68550.0,SQ.NYSE-5-MINUTE-LAST-EXTERNAL
2022-11-30 19:55:00,66.480003,66.694396,66.370002,66.690002,99762.0,SQ.NYSE-5-MINUTE-LAST-EXTERNAL
2022-11-30 21:00:00,67.769996,67.769996,67.769996,67.769996,844278.0,SQ.NYSE-5-MINUTE-LAST-EXTERNAL
2022-12-01 15:55:00,67.809997,68.389999,67.760002,68.369003,94646.0,SQ.NYSE-5-MINUTE-LAST-EXTERNAL
2022-12-01 19:55:00,68.830001,68.940002,68.809997,68.93,72866.0,SQ.NYSE-5-MINUTE-LAST-EXTERNAL
2022-12-01 21:00:00,69.169998,69.169998,69.169998,69.169998,520262.0,SQ.NYSE-5-MINUTE-LAST-EXTERNAL
2022-12-02 15:55:00,68.330001,68.330001,67.767898,67.940002,87257.0,SQ.NYSE-5-MINUTE-LAST-EXTERNAL
2022-12-02 19:55:00,68.04,68.400001,68.029998,68.400001,107601.0,SQ.NYSE-5-MINUTE-LAST-EXTERNAL
2022-12-02 21:00:00,68.18,68.18,68.18,68.18,292509.0,SQ.NYSE-5-MINUTE-LAST-EXTERNAL
2022-12-05 15:55:00,64.650001,64.779899,64.529998,64.68,147383.0,SQ.NYSE-5-MINUTE-LAST-EXTERNAL
2022-12-05 19:55:00,62.794998,62.900001,62.68,62.880001,208419.0,SQ.NYSE-5-MINUTE-LAST-EXTERNAL
2022-12-05 21:00:00,63.139999,63.139999,63.139999,63.139999,596032.0,SQ.NYSE-5-MINUTE-LAST-EXTERNAL
2022-12-06 15:55:00,60.569999,60.59,60.409999,60.459999,107994.0,SQ.NYSE-5-MINUTE-LAST-EXTERNAL
2022-12-06 19:55:00,61.250099,61.382499,61.2,61.330001,132610.0,SQ.NYSE-5-MINUTE-LAST-EXTERNAL
2022-12-06 21:00:00,61.299999,61.299999,61.299999,61.299999,471678.0,SQ.NYSE-5-MINUTE-LAST-EXTERNAL
2022-12-07 15:55:00,61.400001,61.505001,61.119998,61.2,68402.0,SQ.NYSE-5-MINUTE-LAST-EXTERNAL
2022-12-07 19:55:00,61.209999,61.229999,61.04,61.194999,73769.0,SQ.NYSE-5-MINUTE-LAST-EXTERNAL
2022-12-07 21:00:00,61.069999,61.069999,61.069999,61.069999,332306.0,SQ.NYSE-5-MINUTE-LAST-EXTERNAL
2022-12-08 15:55:00,63.099998,63.279998,62.909999,62.909999,87418.0,SQ.NYSE-5-MINUTE-LAST-EXTERNAL
2022-12-08 19:55:00,63.27,63.279998,63.044998,63.095001,63120.0,SQ.NYSE-5-MINUTE-LAST-EXTERNAL
2022-12-08 21:00:00,63.369998,63.369998,63.369998,63.369998,493445.0,SQ.NYSE-5-MINUTE-LAST-EXTERNAL
2022-12-09 15:55:00,64.785003,64.949996,64.61,64.949996,54493.0,SQ.NYSE-5-MINUTE-LAST-EXTERNAL
2022-12-09 19:55:00,65.480003,65.480003,65.349998,65.440002,32246.0,SQ.NYSE-5-MINUTE-LAST-EXTERNAL
2022-12-09 21:00:00,64.599998,64.599998,64.599998,64.599998,373651.0,SQ.NYSE-5-MINUTE-LAST-EXTERNAL
2022-12-12 15:55:00,65.650001,66.080001,65.650001,66.029998,118282.0,SQ.NYSE-5-MINUTE-LAST-EXTERNAL
2022-12-12 19:55:00,65.919998,65.974998,65.870002,65.93,59044.0,SQ.NYSE-5-MINUTE-LAST-EXTERNAL
2022-12-12 21:00:00,66.199996,66.199996,66.199996,66.199996,637794.0,SQ.NYSE-5-MINUTE-LAST-EXTERNAL
2022-12-13 15:55:00,70.620002,70.660003,70.169998,70.449996,264258.0,SQ.NYSE-5-MINUTE-LAST-EXTERNAL
2022-12-13 19:55:00,70.660003,70.839996,70.641601,70.775001,109316.0,SQ.NYSE-5-MINUTE-LAST-EXTERNAL
2022-12-13 21:00:00,71.029998,71.029998,71.029998,71.029998,698783.0,SQ.NYSE-5-MINUTE-LAST-EXTERNAL
2022-12-14 15:55:00,72.169998,72.400001,72.029998,72.400001,226834.0,SQ.NYSE-5-MINUTE-LAST-EXTERNAL
2022-12-14 19:55:00,70.779998,70.959999,70.54,70.839996,129923.0,SQ.NYSE-5-MINUTE-LAST-EXTERNAL
2022-12-14 21:00:00,71.25,71.25,71.25,71.25,611409.0,SQ.NYSE-5-MINUTE-LAST-EXTERNAL
2022-12-15 15:55:00,67.480003,67.480003,67.300003,67.464996,173405.0,SQ.NYSE-5-MINUTE-LAST-EXTERNAL
2022-12-15 19:55:00,65.830001,65.910003,65.720001,65.889999,66991.0,SQ.NYSE-5-MINUTE-LAST-EXTERNAL
2022-12-15 21:00:00,65.889999,65.889999,65.889999,65.889999,420880.0,SQ.NYSE-5-MINUTE-LAST-EXTERNAL
2022-12-16 15:55:00,61.93,62.169998,61.900001,62.029899,236820.0,SQ.NYSE-5-MINUTE-LAST-EXTERNAL
2022-12-16 19:55:00,61.419998,61.729999,61.395,61.6567,173953.0,SQ.NYSE-5-MINUTE-LAST-EXTERNAL
2022-12-16 21:00:00,62.509998,62.509998,62.509998,62.509998,991110.0,SQ.NYSE-5-MINUTE-LAST-EXTERNAL
2022-12-19 15:55:00,61.560001,61.61,61.400001,61.409999,99297.0,SQ.NYSE-5-MINUTE-LAST-EXTERNAL
2022-12-19 19:55:00,60.349998,60.479999,60.310001,60.319999,72072.0,SQ.NYSE-5-MINUTE-LAST-EXTERNAL
2022-12-19 21:00:00,60.439998,60.439998,60.439998,60.439998,468758.0,SQ.NYSE-5-MINUTE-LAST-EXTERNAL
2022-12-20 15:55:00,60.955001,61.017898,60.720001,60.729999,122592.0,SQ.NYSE-5-MINUTE-LAST-EXTERNAL
2022-12-20 19:55:00,61.235,61.27,61.119998,61.209999,51751.0,SQ.NYSE-5-MINUTE-LAST-EXTERNAL
2022-12-20 21:00:00,61.409999,61.409999,61.409999,61.409999,373600.0,SQ.NYSE-5-MINUTE-LAST-EXTERNAL
2022-12-21 15:55:00,62.979999,63.209999,62.979999,63.159999,131840.0,SQ.NYSE-5-MINUTE-LAST-EXTERNAL
2022-12-21 19:55:00,62.650001,62.720001,62.529998,62.715599,65636.0,SQ.NYSE-5-MINUTE-LAST-EXTERNAL
2022-12-21 21:00:00,62.580001,62.580001,62.580001,62.580001,285211.0,SQ.NYSE-5-MINUTE-LAST-EXTERNAL
2022-12-22 15:55:00,59.913799,59.913799,59.709999,59.8316,74039.0,SQ.NYSE-5-MINUTE-LAST-EXTERNAL
2022-12-22 19:55:00,59.529998,59.580001,59.4356,59.54,67836.0,SQ.NYSE-5-MINUTE-LAST-EXTERNAL
2022-12-22 21:00:00,60.59,60.59,60.59,60.59,324985.0,SQ.NYSE-5-MINUTE-LAST-EXTERNAL
2022-12-23 15:55:00,59.970001,60.0489,59.630001,59.650001,102647.0,SQ.NYSE-5-MINUTE-LAST-EXTERNAL
2022-12-23 19:55:00,60.740001,60.779998,60.7,60.740001,45863.0,SQ.NYSE-5-MINUTE-LAST-EXTERNAL
2022-12-23 21:00:00,60.889999,60.889999,60.889999,60.889999,356715.0,SQ.NYSE-5-MINUTE-LAST-EXTERNAL
2022-12-27 15:55:00,60.580001,60.591098,60.29,60.451,133710.0,SQ.NYSE-5-MINUTE-LAST-EXTERNAL
2022-12-27 19:55:00,59.779998,59.825,59.639999,59.819999,49788.0,SQ.NYSE-5-MINUTE-LAST-EXTERNAL
2022-12-27 21:00:00,59.86,59.86,59.86,59.86,471852.0,SQ.NYSE-5-MINUTE-LAST-EXTERNAL
2022-12-28 15:55:00,59.34,59.349998,59.02,59.069999,111479.0,SQ.NYSE-5-MINUTE-LAST-EXTERNAL
2022-12-28 19:55:00,58.751998,58.759998,58.650001,58.720001,61638.0,SQ.NYSE-5-MINUTE-LAST-EXTERNAL
2022-12-28 21:00:00,59.080001,59.080001,59.080001,59.080001,309829.0,SQ.NYSE-5-MINUTE-LAST-EXTERNAL
2022-12-29 15:55:00,63.193099,63.25,62.979999,63.09,136879.0,SQ.NYSE-5-MINUTE-LAST-EXTERNAL
2022-12-29 19:55:00,62.740001,62.75,62.68,62.740001,38536.0,SQ.NYSE-5-MINUTE-LAST-EXTERNAL
2022-12-29 21:00:00,62.919998,62.919998,62.919998,62.919998,477288.0,SQ.NYSE-5-MINUTE-LAST-EXTERNAL
2022-12-30 15:55:00,62.04,62.09,61.909999,61.990001,76839.0,SQ.NYSE-5-MINUTE-LAST-EXTERNAL
2022-12-30 19:55:00,61.61,61.79,61.555,61.7,75457.0,SQ.NYSE-5-MINUTE-LAST-EXTERNAL
2022-12-30 21:00:00,62.84,62.84,62.84,62.84,420144.0,SQ.NYSE-5-MINUTE-LAST-EXTERNAL
2023-01-03 15:55:00,63.580001,64.400001,63.580001,64.379997,246041.0,SQ.NYSE-5-MINUTE-LAST-EXTERNAL
2023-01-03 19:55:00,64.410003,64.480003,64.214996,64.310096,146136.0,SQ.NYSE-5-MINUTE-LAST-EXTERNAL
2023-01-03 21:00:00,64.639999,64.639999,64.639999,64.639999,716436.0,SQ.NYSE-5-MINUTE-LAST-EXTERNAL
2023-01-04 15:55:00,66.519996,66.660003,66.400001,66.650001,125235.0,SQ.NYSE-5-MINUTE-LAST-EXTERNAL
2023-01-04 19:55:00,66.779998,67.125,66.779998,67.010002,181588.0,SQ.NYSE-5-MINUTE-LAST-EXTERNAL
2023-01-04 21:00:00,66.300003,66.300003,66.300003,66.300003,491739.0,SQ.NYSE-5-MINUTE-LAST-EXTERNAL
2023-01-05 15:55:00,65.059997,65.334999,64.940002,64.970001,139106.0,SQ.NYSE-5-MINUTE-LAST-EXTERNAL
2023-01-05 19:55:00,65.419998,65.470001,65.169998,65.190002,97564.0,SQ.NYSE-5-MINUTE-LAST-EXTERNAL
2023-01-05 21:00:00,64.709999,64.709999,64.709999,64.709999,494014.0,SQ.NYSE-5-MINUTE-LAST-EXTERNAL
2023-01-06 15:55:00,67.879997,68.169998,67.550003,68.080001,355401.0,SQ.NYSE-5-MINUTE-LAST-EXTERNAL
2023-01-06 19:55:00,69.434997,69.5,69.010002,69.096298,238483.0,SQ.NYSE-5-MINUTE-LAST-EXTERNAL
2023-01-06 21:00:00,68.989997,68.989997,68.989997,68.989997,620273.0,SQ.NYSE-5-MINUTE-LAST-EXTERNAL
2023-01-09 15:55:00,69.510002,69.635002,68.982498,68.982498,199067.0,SQ.NYSE-5-MINUTE-LAST-EXTERNAL
2023-01-09 19:55:00,69.849998,69.86,69.324996,69.349998,119448.0,SQ.NYSE-5-MINUTE-LAST-EXTERNAL
2023-01-09 21:00:00,69.059997,69.059997,69.059997,69.059997,545466.0,SQ.NYSE-5-MINUTE-LAST-EXTERNAL
2023-01-10 15:55:00,68.449996,68.669998,68.36,68.629997,96492.0,SQ.NYSE-5-MINUTE-LAST-EXTERNAL
2023-01-10 19:55:00,69.919998,69.949996,69.832702,69.900001,72734.0,SQ.NYSE-5-MINUTE-LAST-EXTERNAL
2023-01-10 21:00:00,70.029998,70.029998,70.029998,70.029998,368700.0,SQ.NYSE-5-MINUTE-LAST-EXTERNAL
2023-01-11 15:55:00,70.5,70.550102,70.260002,70.349998,128399.0,SQ.NYSE-5-MINUTE-LAST-EXTERNAL
2023-01-11 19:55:00,70.910003,70.910003,70.785003,70.86,56856.0,SQ.NYSE-5-MINUTE-LAST-EXTERNAL
2023-01-11 21:00:00,71.669998,71.669998,71.669998,71.669998,420573.0,SQ.NYSE-5-MINUTE-LAST-EXTERNAL
2023-01-12 15:55:00,69.980003,70.150001,69.715896,69.715896,89608.0,SQ.NYSE-5-MINUTE-LAST-EXTERNAL
2023-01-12 19:55:00,71.79,71.870002,71.629997,71.839996,128207.0,SQ.NYSE-5-MINUTE-LAST-EXTERNAL
2023-01-12 21:00:00,71.800003,71.800003,71.800003,71.800003,435853.0,SQ.NYSE-5-MINUTE-LAST-EXTERNAL
2023-01-13 15:55:00,71.019996,71.129997,70.86,70.974998,122165.0,SQ.NYSE-5-MINUTE-LAST-EXTERNAL
2023-01-13 19:55:00,71.355903,71.410003,71.309997,71.36,56039.0,SQ.NYSE-5-MINUTE-LAST-EXTERNAL
2023-01-13 21:00:00,71.650001,71.650001,71.650001,71.650001,304156.0,SQ.NYSE-5-MINUTE-LAST-EXTERNAL
2023-01-17 15:55:00,74.169998,74.419998,74.069999,74.160003,135894.0,SQ.NYSE-5-MINUTE-LAST-EXTERNAL
2023-01-17 19:55:00,74.86,74.949996,74.699996,74.93,88479.0,SQ.NYSE-5-MINUTE-LAST-EXTERNAL
2023-01-17 21:00:00,75.099998,75.099998,75.099998,75.099998,532991.0,SQ.NYSE-5-MINUTE-LAST-EXTERNAL
2023-01-18 15:55:00,73.959999,74.379997,73.791198,74.309997,153491.0,SQ.NYSE-5-MINUTE-LAST-EXTERNAL
2023-01-18 19:55:00,72.459098,72.54,72.379997,72.5,118099.0,SQ.NYSE-5-MINUTE-LAST-EXTERNAL
2023-01-18 21:00:00,72.11,72.11,72.11,72.11,336025.0,SQ.NYSE-5-MINUTE-LAST-EXTERNAL
2023-01-19 15:55:00,69.830001,69.830001,69.580001,69.779998,104423.0,SQ.NYSE-5-MINUTE-LAST-EXTERNAL
2023-01-19 19:55:00,71.410003,71.660003,71.36,71.599998,118988.0,SQ.NYSE-5-MINUTE-LAST-EXTERNAL
2023-01-19 21:00:00,70.940002,70.940002,70.940002,70.940002,375407.0,SQ.NYSE-5-MINUTE-LAST-EXTERNAL
2023-01-20 15:55:00,72.535003,72.730003,72.450798,72.690002,66830.0,SQ.NYSE-5-MINUTE-LAST-EXTERNAL
2023-01-20 19:55:00,75.470001,75.720001,75.339996,75.709899,180492.0,SQ.NYSE-5-MINUTE-LAST-EXTERNAL
2023-01-20 21:00:00,76.160003,76.160003,76.160003,76.160003,672321.0,SQ.NYSE-5-MINUTE-LAST-EXTERNAL
2023-01-23 15:55:00,78.949996,78.970001,78.693199,78.867996,115956.0,SQ.NYSE-5-MINUTE-LAST-EXTERNAL
2023-01-23 19:55:00,80.239997,80.620002,80.239997,80.599998,211451.0,SQ.NYSE-5-MINUTE-LAST-EXTERNAL
2023-01-23 21:00:00,81.660003,81.660003,81.660003,81.660003,825154.0,SQ.NYSE-5-MINUTE-LAST-EXTERNAL
2023-01-24 15:55:00,81.199996,81.435401,81.1352,81.18,191241.0,SQ.NYSE-5-MINUTE-LAST-EXTERNAL
2023-01-24 19:55:00,80.959999,81.050003,80.93,80.995002,47357.0,SQ.NYSE-5-MINUTE-LAST-EXTERNAL
2023-01-24 21:00:00,80.79,80.79,80.79,80.79,454523.0,SQ.NYSE-5-MINUTE-LAST-EXTERNAL
2023-01-25 15:55:00,76.264999,76.830001,76.199897,76.795799,190044.0,SQ.NYSE-5-MINUTE-LAST-EXTERNAL
2023-01-25 19:55:00,80.7136,80.800003,80.639999,80.639999,180544.0,SQ.NYSE-5-MINUTE-LAST-EXTERNAL
2023-01-25 21:00:00,80.769996,80.769996,80.769996,80.769996,496933.0,SQ.NYSE-5-MINUTE-LAST-EXTERNAL
2023-01-26 15:55:00,79.5,79.518501,79.059997,79.205001,206718.0,SQ.NYSE-5-MINUTE-LAST-EXTERNAL
2023-01-26 19:55:00,80.11,80.480003,80.11,80.459999,114178.0,SQ.NYSE-5-MINUTE-LAST-EXTERNAL
2023-01-26 21:00:00,81.190002,81.190002,81.190002,81.190002,419472.0,SQ.NYSE-5-MINUTE-LAST-EXTERNAL
2023-01-27 15:55:00,82.514999,82.980003,82.300003,82.896301,204559.0,SQ.NYSE-5-MINUTE-LAST-EXTERNAL
2023-01-27 19:55:00,84.839996,84.959999,84.810096,84.940002,74401.0,SQ.NYSE-5-MINUTE-LAST-EXTERNAL
2023-01-27 21:00:00,83.830001,83.830001,83.830001,83.830001,753955.0,SQ.NYSE-5-MINUTE-LAST-EXTERNAL
2023-01-30 15:55:00,80.989997,81.519996,80.853996,81.480003,206667.0,SQ.NYSE-5-MINUTE-LAST-EXTERNAL
2023-01-30 19:55:00,80.75,80.980003,80.68,80.980003,114128.0,SQ.NYSE-5-MINUTE-LAST-EXTERNAL
2023-01-30 21:00:00,79.79,79.79,79.79,79.79,466455.0,SQ.NYSE-5-MINUTE-LAST-EXTERNAL
2023-01-31 15:55:00,81.260002,81.264999,81.020103,81.055,99281.0,SQ.NYSE-5-MINUTE-LAST-EXTERNAL
2023-01-31 19:55:00,82.089996,82.129997,82.029998,82.059997,57036.0,SQ.NYSE-5-MINUTE-LAST-EXTERNAL
2023-01-31 21:00:00,81.720001,81.720001,81.720001,81.720001,298112.0,SQ.NYSE-5-MINUTE-LAST-EXTERNAL
2023-02-01 15:55:00,80.54,80.599899,80.311798,80.370002,121522.0,SQ.NYSE-5-MINUTE-LAST-EXTERNAL
2023-02-01 19:55:00,83.815002,83.955001,83.309997,83.370002,262164.0,SQ.NYSE-5-MINUTE-LAST-EXTERNAL
2023-02-01 21:00:00,83.900001,83.900001,83.900001,83.900001,543594.0,SQ.NYSE-5-MINUTE-LAST-EXTERNAL
2023-02-02 15:55:00,89.885002,89.900001,89.160003,89.18,195056.0,SQ.NYSE-5-MINUTE-LAST-EXTERNAL
2023-02-02 19:55:00,87.550003,87.550003,87.080001,87.169998,139788.0,SQ.NYSE-5-MINUTE-LAST-EXTERNAL
2023-02-02 21:00:00,88.410003,88.410003,88.410003,88.410003,511384.0,SQ.NYSE-5-MINUTE-LAST-EXTERNAL
2023-02-03 15:55:00,87.160003,87.169998,86.330001,86.649398,236477.0,SQ.NYSE-5-MINUTE-LAST-EXTERNAL
2023-02-03 19:55:00,84.75,84.849998,84.449996,84.620002,88493.0,SQ.NYSE-5-MINUTE-LAST-EXTERNAL
2023-02-03 21:00:00,84.709999,84.709999,84.709999,84.709999,444735.0,SQ.NYSE-5-MINUTE-LAST-EXTERNAL
2023-02-06 15:55:00,82.199996,82.589996,82.099998,82.449996,203087.0,SQ.NYSE-5-MINUTE-LAST-EXTERNAL
2023-02-06 19:55:00,82.549003,82.599998,82.474998,82.555,52476.0,SQ.NYSE-5-MINUTE-LAST-EXTERNAL
2023-02-06 21:00:00,82.550003,82.550003,82.550003,82.550003,242371.0,SQ.NYSE-5-MINUTE-LAST-EXTERNAL
2023-02-07 15:55:00,81.550003,81.580001,81.300003,81.410697,86023.0,SQ.NYSE-5-MINUTE-LAST-EXTERNAL
2023-02-07 19:55:00,82.629997,82.720001,82.510002,82.709999,57718.0,SQ.NYSE-5-MINUTE-LAST-EXTERNAL
2023-02-07 21:00:00,83.18,83.18,83.18,83.18,483175.0,SQ.NYSE-5-MINUTE-LAST-EXTERNAL
2023-02-08 15:55:00,83.0401,83.36,82.995002,83.011001,50298.0,SQ.NYSE-5-MINUTE-LAST-EXTERNAL
2023-02-08 19:55:00,81.846199,82.0,81.809997,81.949996,49625.0,SQ.NYSE-5-MINUTE-LAST-EXTERNAL
2023-02-08 21:00:00,81.129997,81.129997,81.129997,81.129997,329199.0,SQ.NYSE-5-MINUTE-LAST-EXTERNAL
2023-02-09 15:55:00,78.099998,78.480003,77.879997,78.459999,334106.0,SQ.NYSE-5-MINUTE-LAST-EXTERNAL
2023-02-09 19:55:00,76.900001,76.900001,76.650001,76.690002,101592.0,SQ.NYSE-5-MINUTE-LAST-EXTERNAL
2023-02-09 21:00:00,76.18,76.18,76.18,76.18,684145.0,SQ.NYSE-5-MINUTE-LAST-EXTERNAL
2023-02-10 15:55:00,74.900001,75.04,74.709999,75.019996,176260.0,SQ.NYSE-5-MINUTE-LAST-EXTERNAL
2023-02-10 19:55:00,75.059997,75.205001,75.04,75.199996,82994.0,SQ.NYSE-5-MINUTE-LAST-EXTERNAL
2023-02-10 21:00:00,75.230003,75.230003,75.230003,75.230003,323007.0,SQ.NYSE-5-MINUTE-LAST-EXTERNAL
2023-02-13 15:55:00,76.349998,76.470001,76.174797,76.190002,166540.0,SQ.NYSE-5-MINUTE-LAST-EXTERNAL
2023-02-13 19:55:00,76.720001,76.730003,76.589996,76.709999,65392.0,SQ.NYSE-5-MINUTE-LAST-EXTERNAL
2023-02-13 21:00:00,76.819999,76.819999,76.819999,76.819999,302255.0,SQ.NYSE-5-MINUTE-LAST-EXTERNAL
2023-02-14 15:55:00,77.440002,77.849998,77.29,77.779998,106563.0,SQ.NYSE-5-MINUTE-LAST-EXTERNAL
2023-02-14 19:55:00,78.646003,78.660003,78.389999,78.455001,59533.0,SQ.NYSE-5-MINUTE-LAST-EXTERNAL
2023-02-14 21:00:00,78.800003,78.800003,78.800003,78.800003,414212.0,SQ.NYSE-5-MINUTE-LAST-EXTERNAL
2023-02-15 15:55:00,79.819999,80.0,79.690002,79.731002,109543.0,SQ.NYSE-5-MINUTE-LAST-EXTERNAL
2023-02-15 19:55:00,81.944999,82.0,81.559997,81.639999,123988.0,SQ.NYSE-5-MINUTE-LAST-EXTERNAL
2023-02-15 21:00:00,82.690002,82.690002,82.690002,82.690002,458587.0,SQ.NYSE-5-MINUTE-LAST-EXTERNAL
2023-02-16 15:55:00,80.720001,80.720001,80.330001,80.519996,160586.0,SQ.NYSE-5-MINUTE-LAST-EXTERNAL
2023-02-16 19:55:00,80.720001,80.839996,80.669998,80.7042,36952.0,SQ.NYSE-5-MINUTE-LAST-EXTERNAL
2023-02-16 21:00:00,78.629997,78.629997,78.629997,78.629997,493377.0,SQ.NYSE-5-MINUTE-LAST-EXTERNAL
2023-02-17 15:55:00,75.11,75.259902,75.0,75.059997,123971.0,SQ.NYSE-5-MINUTE-LAST-EXTERNAL
2023-02-17 19:55:00,75.120002,75.279602,75.120002,75.260002,123944.0,SQ.NYSE-5-MINUTE-LAST-EXTERNAL
2023-02-17 21:00:00,75.019996,75.019996,75.019996,75.019996,568652.0,SQ.NYSE-5-MINUTE-LAST-EXTERNAL
2023-02-21 15:55:00,72.125,72.459899,72.099998,72.385002,128685.0,SQ.NYSE-5-MINUTE-LAST-EXTERNAL
2023-02-21 19:55:00,72.620002,72.660003,72.473999,72.569999,40863.0,SQ.NYSE-5-MINUTE-LAST-EXTERNAL
2023-02-21 21:00:00,71.949996,71.949996,71.949996,71.949996,409459.0,SQ.NYSE-5-MINUTE-LAST-EXTERNAL
2023-02-22 15:55:00,72.889999,73.120002,72.843597,73.010002,96618.0,SQ.NYSE-5-MINUTE-LAST-EXTERNAL
2023-02-22 19:55:00,72.79,72.809997,72.400001,72.400001,76464.0,SQ.NYSE-5-MINUTE-LAST-EXTERNAL
2023-02-22 21:00:00,72.940002,72.940002,72.940002,72.940002,391444.0,SQ.NYSE-5-MINUTE-LAST-EXTERNAL
2023-02-23 15:55:00,72.300003,72.470001,72.059997,72.415,139949.0,SQ.NYSE-5-MINUTE-LAST-EXTERNAL
2023-02-23 19:55:00,73.529998,73.550003,73.309997,73.480003,232685.0,SQ.NYSE-5-MINUTE-LAST-EXTERNAL
2023-02-23 21:00:00,74.150001,74.150001,74.150001,74.150001,1207978.0,SQ.NYSE-5-MINUTE-LAST-EXTERNAL
2023-02-24 15:55:00,74.504997,74.859901,74.129997,74.709999,444683.0,SQ.NYSE-5-MINUTE-LAST-EXTERNAL
2023-02-24 19:55:00,77.114997,77.75,77.070098,77.709999,451563.0,SQ.NYSE-5-MINUTE-LAST-EXTERNAL
2023-02-24 21:00:00,77.36,77.36,77.36,77.36,1090676.0,SQ.NYSE-5-MINUTE-LAST-EXTERNAL
2023-02-27 15:55:00,75.769996,75.777297,75.120002,75.444999,477496.0,SQ.NYSE-5-MINUTE-LAST-EXTERNAL
2023-02-27 19:55:00,75.620002,75.746803,75.510002,75.519996,172853.0,SQ.NYSE-5-MINUTE-LAST-EXTERNAL
2023-02-27 21:00:00,75.139999,75.139999,75.139999,75.139999,537553.0,SQ.NYSE-5-MINUTE-LAST-EXTERNAL
2023-02-28 15:55:00,76.139999,76.470001,76.0,76.398803,147400.0,SQ.NYSE-5-MINUTE-LAST-EXTERNAL
2023-02-28 19:55:00,77.870002,77.870002,77.614601,77.639999,65982.0,SQ.NYSE-5-MINUTE-LAST-EXTERNAL
2023-02-28 21:00:00,76.730003,76.730003,76.730003,76.730003,456467.0,SQ.NYSE-5-MINUTE-LAST-EXTERNAL
2023-03-01 15:55:00,75.43,75.559997,75.36,75.470001,81249.0,SQ.NYSE-5-MINUTE-LAST-EXTERNAL
2023-03-01 19:55:00,76.190002,76.25,76.129997,76.178001,82008.0,SQ.NYSE-5-MINUTE-LAST-EXTERNAL
2023-03-01 21:00:00,76.629997,76.629997,76.629997,76.629997,440958.0,SQ.NYSE-5-MINUTE-LAST-EXTERNAL
2023-03-02 15:55:00,75.9999,75.9999,75.793998,75.805,74353.0,SQ.NYSE-5-MINUTE-LAST-EXTERNAL
2023-03-02 19:55:00,78.154998,78.25,78.089996,78.190002,73990.0,SQ.NYSE-5-MINUTE-LAST-EXTERNAL
2023-03-02 21:00:00,78.04,78.04,78.04,78.04,378873.0,SQ.NYSE-5-MINUTE-LAST-EXTERNAL
2023-03-03 15:55:00,79.080001,79.419998,79.080001,79.379997,115059.0,SQ.NYSE-5-MINUTE-LAST-EXTERNAL
2023-03-03 19:55:00,80.819999,80.989997,80.79,80.939903,140980.0,SQ.NYSE-5-MINUTE-LAST-EXTERNAL
2023-03-03 21:00:00,80.879997,80.879997,80.879997,80.879997,574035.0,SQ.NYSE-5-MINUTE-LAST-EXTERNAL
2023-03-06 15:55:00,82.650001,82.654998,82.419998,82.525001,90867.0,SQ.NYSE-5-MINUTE-LAST-EXTERNAL
2023-03-06 19:55:00,81.019996,81.089996,80.919998,81.050003,72668.0,SQ.NYSE-5-MINUTE-LAST-EXTERNAL
2023-03-06 21:00:00,80.809997,80.809997,80.809997,80.809997,540972.0,SQ.NYSE-5-MINUTE-LAST-EXTERNAL
2023-03-07 15:55:00,79.525001,79.559997,79.156898,79.1706,141056.0,SQ.NYSE-5-MINUTE-LAST-EXTERNAL
2023-03-07 19:55:00,78.569999,78.589996,78.400001,78.5,99051.0,SQ.NYSE-5-MINUTE-LAST-EXTERNAL
2023-03-07 21:00:00,78.04,78.04,78.04,78.04,439305.0,SQ.NYSE-5-MINUTE-LAST-EXTERNAL
2023-03-08 15:55:00,77.580001,77.659896,77.381797,77.61,80730.0,SQ.NYSE-5-MINUTE-LAST-EXTERNAL
2023-03-08 19:55:00,78.099998,78.099998,77.989997,78.0,73519.0,SQ.NYSE-5-MINUTE-LAST-EXTERNAL
2023-03-08 21:00:00,77.949996,77.949996,77.949996,77.949996,413653.0,SQ.NYSE-5-MINUTE-LAST-EXTERNAL
2023-03-09 15:55:00,78.529998,78.529998,78.010002,78.065002,141500.0,SQ.NYSE-5-MINUTE-LAST-EXTERNAL
2023-03-09 19:55:00,74.779998,74.830001,74.639999,74.699996,81220.0,SQ.NYSE-5-MINUTE-LAST-EXTERNAL
2023-03-09 21:00:00,73.800003,73.800003,73.800003,73.800003,674503.0,SQ.NYSE-5-MINUTE-LAST-EXTERNAL
2023-03-10 15:55:00,70.550003,71.580001,70.550003,71.495002,216128.0,SQ.NYSE-5-MINUTE-LAST-EXTERNAL
2023-03-10 19:55:00,71.169998,71.29,70.849998,71.089996,132467.0,SQ.NYSE-5-MINUTE-LAST-EXTERNAL
2023-03-10 21:00:00,71.010002,71.010002,71.010002,71.010002,791947.0,SQ.NYSE-5-MINUTE-LAST-EXTERNAL
2023-03-13 15:55:00,70.230003,70.61,70.140098,70.480003,83197.0,SQ.NYSE-5-MINUTE-LAST-EXTERNAL
2023-03-13 19:55:00,69.510002,69.620002,69.400001,69.470001,621916.0,SQ.NYSE-5-MINUTE-LAST-EXTERNAL
2023-03-14 15:55:00,73.730003,73.8199,73.597198,73.599998,75305.0,SQ.NYSE-5-MINUTE-LAST-EXTERNAL
2023-03-14 19:55:00,73.199996,73.739997,73.175003,73.589996,539586.0,SQ.NYSE-5-MINUTE-LAST-EXTERNAL
2023-03-15 15:55:00,73.239997,73.300003,73.099998,73.139999,79630.0,SQ.NYSE-5-MINUTE-LAST-EXTERNAL
2023-03-15 19:55:00,73.519996,74.139999,73.519996,74.11,561964.0,SQ.NYSE-5-MINUTE-LAST-EXTERNAL
2023-03-16 15:55:00,75.599998,75.769996,75.449996,75.529998,106648.0,SQ.NYSE-5-MINUTE-LAST-EXTERNAL
2023-03-16 19:55:00,74.889999,75.150001,74.79,75.059997,491049.0,SQ.NYSE-5-MINUTE-LAST-EXTERNAL
2023-03-17 15:55:00,73.349998,73.580001,73.339996,73.569999,64813.0,SQ.NYSE-5-MINUTE-LAST-EXTERNAL
2023-03-17 19:55:00,73.93,74.160003,73.845001,73.980003,616035.0,SQ.NYSE-5-MINUTE-LAST-EXTERNAL
2023-03-20 15:55:00,74.654998,74.800003,74.599998,74.730003,79194.0,SQ.NYSE-5-MINUTE-LAST-EXTERNAL
2023-03-20 19:55:00,74.489997,74.599998,74.440002,74.519996,584908.0,SQ.NYSE-5-MINUTE-LAST-EXTERNAL
2023-03-21 15:55:00,77.150001,77.319999,77.150001,77.165,69621.0,SQ.NYSE-5-MINUTE-LAST-EXTERNAL
2023-03-21 19:55:00,77.555,77.565002,77.379997,77.470001,628177.0,SQ.NYSE-5-MINUTE-LAST-EXTERNAL
2023-03-22 15:55:00,74.379898,74.580001,74.309997,74.400001,97649.0,SQ.NYSE-5-MINUTE-LAST-EXTERNAL
2023-03-22 19:55:00,73.129997,73.18,72.61,72.650001,996227.0,SQ.NYSE-5-MINUTE-LAST-EXTERNAL
2023-03-23 15:55:00,63.825,63.900001,63.119998,63.139999,1524528.0,SQ.NYSE-5-MINUTE-LAST-EXTERNAL
2023-03-23 19:55:00,61.799999,62.060001,61.560001,61.878898,2437449.0,SQ.NYSE-5-MINUTE-LAST-EXTERNAL
2023-03-24 15:55:00,59.819999,60.069999,59.770198,59.979999,344136.0,SQ.NYSE-5-MINUTE-LAST-EXTERNAL
2023-03-24 19:55:00,60.404998,60.830001,60.330001,60.669998,1166924.0,SQ.NYSE-5-MINUTE-LAST-EXTERNAL
2023-03-27 15:55:00,62.915,62.939998,62.68,62.810001,404284.0,SQ.NYSE-5-MINUTE-LAST-EXTERNAL
2023-03-27 19:55:00,64.730003,64.735,64.379997,64.43,956372.0,SQ.NYSE-5-MINUTE-LAST-EXTERNAL
2023-03-28 15:55:00,65.044998,65.067398,64.93,64.959503,56619.0,SQ.NYSE-5-MINUTE-LAST-EXTERNAL
2023-03-28 19:55:00,63.849998,63.880001,63.68,63.759998,509379.0,SQ.NYSE-5-MINUTE-LAST-EXTERNAL
2023-03-29 15:55:00,66.989997,67.0,66.709999,66.750503,212395.0,SQ.NYSE-5-MINUTE-LAST-EXTERNAL
2023-03-29 19:55:00,66.43,66.489997,66.235,66.489997,634584.0,SQ.NYSE-5-MINUTE-LAST-EXTERNAL
2023-03-30 15:55:00,68.120002,68.281997,68.11,68.279998,113023.0,SQ.NYSE-5-MINUTE-LAST-EXTERNAL
2023-03-30 19:55:00,68.360099,68.639999,68.330001,68.480003,628935.0,SQ.NYSE-5-MINUTE-LAST-EXTERNAL
2023-03-31 15:55:00,69.93,70.0699,69.93,70.050003,107075.0,SQ.NYSE-5-MINUTE-LAST-EXTERNAL
2023-03-31 19:55:00,68.569999,68.779998,68.550003,68.619003,905517.0,SQ.NYSE-5-MINUTE-LAST-EXTERNAL
2023-04-03 15:55:00,66.849998,67.18,66.849998,67.169998,124585.0,SQ.NYSE-5-MINUTE-LAST-EXTERNAL
2023-04-03 19:55:00,67.675003,67.870002,67.675003,67.830001,678515.0,SQ.NYSE-5-MINUTE-LAST-EXTERNAL
2023-04-04 15:55:00,68.68,68.708602,68.489997,68.529998,85206.0,SQ.NYSE-5-MINUTE-LAST-EXTERNAL
2023-04-04 19:55:00,68.720001,68.870002,68.681999,68.870002,518235.0,SQ.NYSE-5-MINUTE-LAST-EXTERNAL
2023-04-05 15:55:00,67.25,67.61,67.230003,67.559997,70663.0,SQ.NYSE-5-MINUTE-LAST-EXTERNAL
2023-04-05 19:55:00,67.769996,67.849998,67.599998,67.669998,452716.0,SQ.NYSE-5-MINUTE-LAST-EXTERNAL
2023-04-06 15:55:00,68.123497,68.260002,68.11,68.220001,74863.0,SQ.NYSE-5-MINUTE-LAST-EXTERNAL
2023-04-06 19:55:00,67.970001,68.239997,67.970001,68.11,450704.0,SQ.NYSE-5-MINUTE-LAST-EXTERNAL
2023-04-10 15:55:00,65.709999,65.709999,65.480003,65.544998,239509.0,SQ.NYSE-5-MINUTE-LAST-EXTERNAL
2023-04-10 19:55:00,66.434997,66.470001,66.330001,66.366096,476558.0,SQ.NYSE-5-MINUTE-LAST-EXTERNAL
2023-04-11 15:55:00,66.048599,66.059997,65.839996,65.919998,118553.0,SQ.NYSE-5-MINUTE-LAST-EXTERNAL
2023-04-11 19:55:00,66.43,66.459999,66.300003,66.43,505883.0,SQ.NYSE-5-MINUTE-LAST-EXTERNAL
2023-04-12 15:55:00,64.120002,64.319999,64.089996,64.319999,169320.0,SQ.NYSE-5-MINUTE-LAST-EXTERNAL
2023-04-12 19:55:00,62.729999,62.799999,62.599998,62.729999,922597.0,SQ.NYSE-5-MINUTE-LAST-EXTERNAL
2023-04-13 15:55:00,65.135002,65.315002,65.080101,65.279998,90993.0,SQ.NYSE-5-MINUTE-LAST-EXTERNAL
2023-04-13 19:55:00,64.300003,64.580001,64.29,64.54,748783.0,SQ.NYSE-5-MINUTE-LAST-EXTERNAL
2023-04-14 15:55:00,64.29,64.339996,64.069999,64.330001,76518.0,SQ.NYSE-5-MINUTE-LAST-EXTERNAL
2023-04-14 19:55:00,64.254997,64.260002,63.689998,64.044998,1312619.0,SQ.NYSE-5-MINUTE-LAST-EXTERNAL
2023-04-17 15:55:00,63.939998,63.979999,63.900001,63.919998,70573.0,SQ.NYSE-5-MINUTE-LAST-EXTERNAL
2023-04-17 19:55:00,64.019996,64.319999,64.010002,64.165,694984.0,SQ.NYSE-5-MINUTE-LAST-EXTERNAL
2023-04-18 15:55:00,64.11,64.120002,64.019996,64.035003,62263.0,SQ.NYSE-5-MINUTE-LAST-EXTERNAL
2023-04-18 19:55:00,63.990001,64.050003,63.869998,63.880001,845796.0,SQ.NYSE-5-MINUTE-LAST-EXTERNAL
2023-04-19 15:55:00,62.669998,62.86,62.620098,62.755001,316590.0,SQ.NYSE-5-MINUTE-LAST-EXTERNAL
2023-04-19 19:55:00,62.779998,62.93,62.740001,62.880001,461486.0,SQ.NYSE-5-MINUTE-LAST-EXTERNAL
2023-04-20 15:55:00,62.02,62.02,61.900001,61.919998,105675.0,SQ.NYSE-5-MINUTE-LAST-EXTERNAL
2023-04-20 19:55:00,62.319999,62.490001,62.305,62.36,623194.0,SQ.NYSE-5-MINUTE-LAST-EXTERNAL
2023-04-21 15:55:00,62.45,62.689998,62.444999,62.689998,77219.0,SQ.NYSE-5-MINUTE-LAST-EXTERNAL
2023-04-21 19:55:00,63.439998,63.569999,63.375,63.479999,540629.0,SQ.NYSE-5-MINUTE-LAST-EXTERNAL
2023-04-24 15:55:00,63.099998,63.148101,63.049999,63.075,114061.0,SQ.NYSE-5-MINUTE-LAST-EXTERNAL
2023-04-24 19:55:00,64.449996,64.544998,64.410003,64.459999,575267.0,SQ.NYSE-5-MINUTE-LAST-EXTERNAL
2023-04-25 15:55:00,62.650001,62.715,62.52,62.563701,143229.0,SQ.NYSE-5-MINUTE-LAST-EXTERNAL
2023-04-25 19:55:00,61.259998,61.27,60.970001,61.009998,802398.0,SQ.NYSE-5-MINUTE-LAST-EXTERNAL
2023-04-26 15:55:00,61.215,61.389999,61.2,61.349998,58867.0,SQ.NYSE-5-MINUTE-LAST-EXTERNAL
2023-04-26 19:55:00,60.400001,60.689998,60.400001,60.569999,654608.0,SQ.NYSE-5-MINUTE-LAST-EXTERNAL
